Boolean_comments_disabled;Boolean_ratings_disabled;Boolean_video_error_or_removed;Contain digits_channel_title;Contain digits_description;Contain digits_tags;Contain digits_title;Letters counter_channel_title;Letters counter_description;Letters counter_tags;Letters counter_title;Number of objects_thumbnail_link;Upload day_publish_time;With special characters_channel_title;With special characters_description;With special characters_tags;With special characters_title;Words counter_channel_title;Words counter_description;Words counter_tags;Words counter_title;
"0";"0";"0";"0";"0";"0";"0";"2";"39";"14";"7";"0";"1";"0";"0";"0";"0";"0";"7";"2";"2";
"0";"0";"0";"0";"0";"0";"0";"0";"15";"11";"9";"0";"7";"0";"0";"0";"0";"0";"4";"1";"2";
"0";"0";"0";"0";"0";"0";"0";"3";"17";"6";"1";"0";"7";"0";"0";"0";"0";"1";"5";"0";"0";
"0";"0";"0";"0";"0";"0";"0";"3";"62";"15";"7";"2";"5";"0";"0";"0";"0";"1";"15";"2";"2";
"0";"0";"0";"0";"0";"0";"0";"1";"8";"5";"4";"2";"1";"0";"0";"0";"0";"0";"2";"1";"1";
"0";"0";"0";"0";"0";"0";"0";"1";"37";"11";"1";"2";"7";"0";"0";"0";"0";"0";"10";"2";"0";
"0";"0";"0";"0";"0";"0";"0";"1";"130";"42";"7";"1";"4";"0";"0";"0";"0";"0";"33";"5";"3";
"0";"0";"0";"0";"0";"0";"0";"1";"38";"32";"3";"3";"4";"0";"0";"0";"0";"0";"8";"4";"1";
"0";"0";"0";"0";"0";"0";"0";"0";"95";"49";"5";"1";"2";"0";"0";"0";"0";"0";"23";"5";"1";
"0";"0";"0";"0";"0";"0";"0";"1";"169";"36";"2";"0";"6";"0";"0";"0";"0";"0";"49";"5";"1";
"0";"0";"0";"0";"0";"0";"0";"1";"74";"29";"2";"3";"5";"0";"0";"0";"0";"0";"14";"2";"1";
"0";"0";"0";"0";"0";"0";"0";"0";"51";"14";"3";"1";"4";"0";"0";"0";"0";"0";"11";"2";"1";
"0";"0";"0";"1";"0";"0";"0";"1";"233";"41";"5";"1";"2";"0";"0";"0";"0";"0";"61";"4";"2";
"0";"0";"0";"0";"0";"0";"0";"0";"95";"49";"5";"3";"2";"0";"0";"0";"0";"0";"23";"5";"1";
"0";"0";"0";"0";"0";"0";"0";"0";"70";"21";"4";"1";"3";"0";"0";"0";"0";"0";"16";"2";"1";
"0";"0";"0";"0";"0";"0";"0";"1";"169";"36";"2";"2";"6";"0";"0";"0";"0";"0";"49";"5";"1";
"0";"0";"0";"0";"0";"0";"0";"1";"30";"25";"2";"3";"7";"0";"0";"0";"0";"0";"3";"1";"1";
"0";"0";"0";"0";"0";"0";"0";"1";"13";"4";"5";"3";"5";"0";"0";"0";"0";"0";"2";"1";"2";
"0";"0";"0";"0";"0";"0";"0";"0";"31";"19";"9";"1";"4";"0";"0";"0";"0";"0";"8";"1";"3";
"0";"0";"0";"0";"0";"0";"0";"1";"129";"39";"4";"3";"4";"0";"0";"0";"0";"0";"18";"8";"1";
"0";"0";"0";"0";"0";"0";"0";"1";"98";"45";"5";"2";"2";"0";"0";"0";"0";"0";"29";"6";"1";
"0";"0";"0";"0";"0";"0";"0";"1";"74";"4";"4";"1";"5";"0";"0";"0";"0";"0";"8";"0";"1";
"0";"0";"0";"0";"0";"0";"0";"1";"8";"1";"6";"1";"3";"0";"0";"0";"0";"0";"1";"0";"2";
"0";"0";"0";"0";"0";"0";"0";"1";"49";"46";"3";"4";"2";"0";"0";"0";"0";"0";"8";"7";"0";
"0";"0";"0";"0";"0";"0";"0";"3";"17";"6";"1";"3";"7";"0";"0";"0";"0";"1";"5";"0";"0";
"0";"0";"0";"0";"0";"0";"0";"2";"289";"45";"3";"2";"4";"0";"0";"0";"0";"0";"80";"6";"1";
"0";"0";"0";"0";"0";"0";"0";"3";"148";"35";"3";"0";"5";"0";"0";"0";"0";"1";"42";"3";"1";
"0";"0";"0";"0";"0";"0";"0";"0";"186";"9";"1";"2";"4";"0";"0";"0";"0";"0";"49";"1";"0";
"0";"0";"0";"0";"0";"0";"0";"2";"132";"43";"6";"0";"2";"0";"0";"0";"0";"1";"25";"4";"2";
"0";"0";"0";"0";"0";"0";"0";"0";"229";"41";"4";"0";"2";"0";"0";"0";"0";"0";"39";"4";"1";
"0";"0";"0";"0";"0";"0";"0";"1";"56";"38";"7";"1";"4";"0";"0";"0";"0";"0";"13";"5";"2";
"0";"0";"0";"0";"0";"0";"0";"1";"54";"25";"4";"1";"5";"0";"0";"0";"0";"0";"9";"6";"1";
"0";"0";"0";"0";"0";"0";"0";"3";"148";"35";"3";"4";"5";"0";"0";"0";"0";"1";"42";"3";"1";
"0";"0";"0";"0";"0";"0";"0";"0";"261";"21";"5";"2";"4";"0";"0";"0";"0";"0";"51";"5";"2";
"0";"0";"0";"0";"0";"0";"0";"1";"129";"39";"4";"0";"4";"0";"0";"0";"0";"0";"18";"8";"1";
"0";"0";"0";"0";"0";"0";"0";"1";"49";"14";"2";"2";"3";"0";"0";"0";"0";"0";"9";"1";"1";
"0";"0";"0";"0";"0";"0";"0";"1";"238";"17";"3";"1";"4";"0";"0";"0";"0";"0";"48";"1";"1";
"0";"0";"0";"0";"0";"0";"0";"1";"224";"20";"4";"1";"4";"0";"0";"0";"0";"0";"62";"2";"1";
"0";"0";"0";"0";"0";"0";"0";"1";"244";"49";"3";"1";"7";"0";"0";"0";"0";"0";"26";"4";"1";
"0";"0";"0";"0";"0";"0";"0";"1";"57";"14";"3";"2";"5";"0";"0";"0";"0";"0";"9";"1";"1";
"0";"0";"0";"0";"0";"0";"0";"1";"60";"25";"5";"1";"6";"0";"0";"0";"0";"0";"15";"2";"1";
"0";"0";"0";"0";"0";"0";"0";"1";"123";"26";"4";"3";"7";"0";"0";"0";"0";"0";"25";"3";"1";
"0";"0";"0";"0";"0";"0";"0";"1";"48";"28";"4";"4";"4";"0";"0";"0";"0";"0";"7";"3";"1";
"0";"0";"0";"0";"0";"0";"0";"1";"129";"39";"4";"2";"4";"0";"0";"0";"0";"0";"18";"8";"1";
"0";"0";"0";"0";"0";"0";"0";"1";"244";"49";"3";"3";"7";"0";"0";"0";"0";"0";"26";"4";"1";
"0";"0";"0";"0";"0";"1";"0";"1";"146";"0";"5";"3";"5";"0";"0";"0";"0";"0";"31";"0";"2";
"0";"0";"0";"0";"0";"0";"0";"1";"38";"32";"3";"1";"4";"0";"0";"0";"0";"0";"8";"4";"1";
"0";"0";"0";"0";"0";"0";"0";"1";"177";"16";"6";"1";"3";"0";"0";"0";"0";"0";"49";"1";"2";
"0";"0";"0";"0";"0";"0";"0";"1";"48";"28";"4";"1";"4";"0";"0";"0";"0";"0";"7";"3";"1";
"0";"0";"0";"0";"0";"0";"0";"2";"52";"14";"7";"1";"1";"0";"0";"0";"0";"0";"11";"2";"2";
"0";"0";"0";"0";"0";"0";"0";"0";"83";"16";"5";"1";"2";"0";"0";"0";"0";"0";"9";"1";"2";
"0";"0";"0";"0";"0";"0";"0";"1";"47";"46";"5";"0";"5";"0";"0";"0";"0";"0";"9";"6";"1";
"0";"0";"0";"0";"0";"0";"0";"0";"7";"1";"5";"1";"2";"0";"0";"0";"0";"0";"1";"0";"2";
"0";"0";"0";"0";"0";"0";"0";"1";"28";"10";"4";"4";"1";"0";"0";"0";"0";"0";"8";"1";"1";
"0";"0";"0";"0";"0";"0";"0";"0";"1";"21";"3";"2";"1";"0";"0";"0";"0";"0";"0";"1";"1";
"0";"0";"0";"0";"0";"1";"1";"0";"73";"48";"3";"3";"4";"0";"0";"0";"0";"0";"20";"7";"1";
"0";"0";"0";"0";"0";"0";"0";"1";"62";"46";"9";"3";"2";"0";"0";"0";"0";"0";"19";"9";"3";
"0";"0";"0";"0";"0";"0";"0";"0";"314";"47";"4";"2";"2";"0";"0";"0";"0";"0";"24";"5";"1";
"0";"0";"0";"0";"0";"0";"0";"1";"25";"22";"3";"1";"5";"0";"1";"0";"0";"0";"2";"6";"0";
"0";"0";"0";"0";"0";"0";"0";"2";"8";"19";"1";"2";"7";"0";"0";"0";"0";"0";"2";"1";"0";
"0";"0";"0";"0";"0";"0";"0";"0";"48";"9";"4";"3";"3";"0";"0";"0";"0";"0";"6";"1";"1";
"0";"0";"0";"0";"0";"0";"0";"1";"57";"14";"3";"2";"5";"0";"0";"0";"0";"0";"9";"1";"1";
"0";"0";"0";"0";"0";"0";"0";"1";"57";"15";"3";"2";"2";"0";"0";"0";"0";"0";"9";"2";"1";
"0";"0";"0";"0";"0";"0";"0";"1";"184";"52";"9";"5";"7";"0";"0";"0";"0";"0";"46";"6";"3";
"0";"0";"0";"0";"0";"0";"0";"1";"28";"5";"3";"3";"4";"0";"0";"0";"0";"0";"4";"1";"1";
"0";"0";"0";"0";"0";"0";"0";"1";"37";"4";"3";"4";"2";"0";"0";"0";"0";"0";"3";"0";"1";
"0";"0";"0";"0";"0";"0";"0";"1";"48";"28";"4";"2";"4";"0";"0";"0";"0";"0";"7";"3";"1";
"0";"0";"0";"0";"0";"0";"0";"1";"11";"6";"6";"2";"2";"0";"0";"0";"0";"0";"3";"0";"2";
"0";"0";"0";"0";"0";"0";"0";"0";"87";"28";"9";"1";"4";"0";"0";"0";"0";"0";"19";"4";"3";
"0";"0";"0";"0";"0";"0";"0";"0";"83";"16";"5";"3";"2";"0";"0";"0";"0";"0";"9";"1";"2";
"0";"0";"0";"0";"0";"0";"0";"1";"184";"52";"9";"1";"7";"0";"0";"0";"0";"0";"46";"6";"3";
"0";"0";"0";"0";"0";"0";"0";"1";"28";"5";"3";"3";"4";"0";"0";"0";"0";"0";"4";"1";"1";
"0";"0";"0";"0";"0";"0";"0";"1";"43";"3";"6";"2";"5";"0";"0";"0";"0";"0";"9";"0";"2";
"0";"0";"0";"0";"0";"0";"0";"1";"237";"16";"1";"1";"1";"0";"0";"0";"0";"0";"54";"1";"0";
"0";"0";"0";"0";"0";"0";"0";"1";"14";"18";"3";"1";"1";"0";"0";"0";"0";"0";"5";"2";"1";
"0";"0";"0";"0";"0";"0";"0";"0";"160";"9";"3";"3";"4";"0";"0";"0";"0";"0";"41";"0";"1";
"0";"0";"0";"0";"0";"0";"0";"1";"49";"30";"4";"1";"2";"0";"0";"0";"0";"0";"10";"4";"1";
"0";"0";"0";"0";"0";"0";"0";"0";"12";"0";"5";"1";"3";"0";"0";"1";"0";"0";"3";"0";"1";
"0";"0";"0";"0";"0";"0";"0";"0";"56";"32";"4";"2";"7";"0";"0";"0";"0";"0";"12";"5";"1";
"0";"0";"0";"0";"0";"0";"0";"1";"37";"11";"1";"2";"5";"0";"0";"0";"0";"0";"8";"0";"0";
"0";"0";"0";"0";"0";"0";"0";"0";"82";"46";"4";"3";"3";"0";"0";"0";"0";"0";"15";"2";"1";
"0";"0";"0";"0";"0";"0";"0";"1";"209";"15";"5";"4";"1";"0";"0";"0";"0";"0";"52";"1";"2";
"0";"0";"0";"0";"0";"0";"0";"3";"139";"51";"5";"1";"3";"0";"0";"0";"0";"1";"29";"8";"1";
"0";"0";"0";"0";"0";"0";"0";"0";"32";"41";"9";"2";"7";"0";"0";"0";"0";"0";"8";"4";"3";
"0";"0";"0";"0";"0";"0";"0";"0";"163";"9";"3";"4";"4";"0";"0";"0";"0";"0";"41";"0";"1";
"0";"0";"0";"0";"0";"0";"0";"0";"225";"38";"5";"3";"4";"0";"0";"0";"0";"0";"44";"9";"2";
"0";"0";"0";"0";"0";"0";"0";"1";"62";"46";"9";"1";"2";"0";"0";"0";"0";"0";"19";"9";"3";
"0";"0";"0";"0";"0";"0";"0";"1";"112";"37";"4";"1";"2";"0";"0";"0";"0";"0";"36";"5";"1";
"0";"0";"0";"0";"0";"0";"0";"1";"41";"50";"5";"1";"6";"0";"0";"0";"0";"0";"11";"6";"1";
"0";"0";"0";"0";"0";"0";"0";"0";"6";"7";"3";"1";"3";"0";"0";"0";"0";"0";"2";"0";"1";
"0";"0";"0";"0";"0";"0";"0";"2";"76";"7";"5";"1";"2";"0";"0";"0";"0";"0";"26";"1";"1";
"0";"0";"0";"0";"0";"0";"0";"1";"443";"50";"9";"1";"3";"0";"0";"0";"0";"0";"117";"8";"3";
"0";"0";"0";"0";"0";"0";"0";"1";"155";"20";"5";"2";"2";"0";"0";"0";"0";"0";"39";"2";"2";
"0";"0";"0";"0";"0";"0";"0";"0";"228";"47";"4";"2";"2";"0";"0";"0";"0";"0";"58";"5";"1";
"0";"0";"0";"0";"0";"0";"0";"3";"134";"54";"5";"1";"4";"0";"0";"0";"0";"1";"31";"4";"2";
"0";"0";"0";"0";"0";"0";"0";"0";"94";"17";"5";"2";"2";"0";"0";"0";"0";"0";"22";"1";"2";
"0";"0";"0";"0";"0";"0";"0";"1";"44";"7";"4";"1";"2";"0";"0";"0";"0";"0";"12";"1";"1";
"0";"0";"0";"0";"0";"0";"0";"1";"66";"26";"2";"3";"3";"0";"0";"0";"0";"0";"9";"3";"0";
"0";"0";"0";"0";"0";"0";"0";"1";"283";"42";"4";"2";"1";"0";"0";"0";"1";"0";"48";"3";"1";
"1";"0";"0";"0";"0";"0";"0";"2";"51";"2";"2";"1";"7";"0";"0";"0";"0";"0";"13";"0";"0";
"0";"0";"0";"0";"0";"0";"0";"2";"300";"24";"6";"2";"4";"0";"0";"0";"0";"1";"91";"2";"2";
"0";"0";"0";"0";"0";"0";"1";"0";"42";"8";"6";"1";"6";"0";"0";"0";"0";"0";"9";"0";"2";
"0";"0";"0";"0";"0";"0";"0";"1";"144";"21";"5";"6";"4";"0";"0";"0";"0";"0";"38";"3";"1";
"0";"0";"0";"0";"0";"0";"0";"1";"84";"34";"3";"1";"2";"0";"1";"0";"0";"0";"9";"0";"1";
"0";"0";"0";"0";"0";"0";"0";"1";"175";"14";"2";"2";"3";"0";"0";"0";"0";"0";"28";"0";"0";
"0";"0";"0";"0";"0";"0";"0";"1";"47";"3";"2";"1";"1";"0";"0";"0";"0";"0";"5";"0";"1";
"0";"0";"0";"0";"0";"0";"0";"1";"209";"15";"5";"1";"1";"0";"0";"0";"0";"0";"52";"1";"2";
"0";"0";"0";"0";"0";"0";"0";"1";"262";"22";"6";"1";"2";"0";"0";"0";"0";"0";"79";"2";"2";
"0";"0";"0";"0";"0";"0";"0";"1";"45";"5";"5";"1";"5";"0";"0";"0";"0";"0";"9";"1";"1";
"0";"0";"0";"0";"0";"0";"0";"0";"40";"13";"5";"2";"4";"0";"0";"0";"0";"0";"11";"1";"2";
"0";"0";"0";"0";"0";"0";"0";"1";"6";"1";"8";"1";"2";"0";"0";"0";"0";"0";"2";"0";"2";
"0";"0";"0";"0";"0";"0";"0";"0";"94";"7";"3";"2";"3";"0";"0";"0";"0";"0";"22";"0";"1";
"0";"0";"0";"0";"0";"0";"0";"0";"41";"17";"5";"3";"2";"0";"0";"0";"0";"0";"11";"1";"2";
"0";"0";"0";"0";"0";"0";"0";"0";"52";"47";"5";"2";"2";"0";"0";"0";"0";"0";"7";"6";"1";
"0";"0";"0";"0";"0";"0";"0";"1";"47";"11";"2";"1";"2";"0";"0";"0";"0";"0";"5";"0";"1";
"0";"0";"0";"0";"0";"0";"0";"1";"21";"3";"2";"1";"1";"0";"0";"0";"0";"0";"3";"0";"1";
"0";"0";"0";"0";"0";"0";"0";"1";"139";"31";"2";"2";"3";"0";"0";"0";"0";"0";"33";"7";"1";
"0";"0";"0";"0";"0";"0";"0";"0";"38";"38";"7";"1";"2";"0";"0";"0";"0";"0";"9";"5";"3";
"0";"0";"0";"0";"0";"0";"0";"1";"63";"7";"2";"3";"6";"0";"0";"0";"0";"0";"20";"0";"0";
"0";"0";"0";"0";"0";"0";"0";"2";"6";"12";"5";"1";"1";"0";"0";"0";"0";"1";"2";"0";"1";
"0";"0";"0";"0";"0";"0";"0";"1";"106";"4";"3";"4";"6";"0";"0";"0";"0";"0";"27";"1";"0";
"0";"0";"0";"0";"0";"0";"0";"0";"166";"49";"4";"1";"2";"0";"0";"0";"0";"0";"27";"8";"2";
"0";"0";"0";"0";"0";"0";"0";"1";"283";"35";"5";"1";"2";"0";"0";"0";"0";"0";"48";"5";"1";
"0";"0";"0";"0";"0";"0";"0";"1";"453";"42";"4";"1";"1";"0";"0";"0";"1";"0";"76";"3";"1";
"0";"0";"0";"0";"0";"0";"0";"1";"102";"51";"2";"3";"7";"0";"0";"0";"0";"0";"17";"11";"1";
"0";"0";"0";"0";"0";"0";"0";"1";"38";"19";"4";"1";"7";"0";"0";"0";"0";"0";"9";"3";"1";
"0";"0";"0";"0";"0";"0";"0";"1";"195";"7";"2";"0";"6";"0";"0";"0";"0";"0";"41";"0";"0";
"0";"0";"0";"0";"0";"0";"0";"1";"27";"22";"4";"4";"7";"0";"0";"0";"0";"0";"6";"2";"2";
"0";"0";"0";"0";"0";"0";"0";"1";"75";"29";"3";"2";"6";"0";"0";"0";"0";"0";"19";"5";"1";
"0";"0";"0";"0";"0";"0";"0";"1";"38";"0";"3";"1";"4";"0";"1";"1";"0";"0";"3";"0";"1";
"0";"0";"0";"0";"0";"0";"0";"1";"45";"6";"2";"2";"1";"0";"0";"0";"0";"0";"7";"0";"1";
"0";"0";"0";"0";"0";"0";"0";"0";"65";"56";"7";"2";"1";"0";"0";"0";"0";"0";"20";"4";"2";
"0";"0";"0";"0";"0";"0";"0";"0";"258";"18";"3";"2";"2";"0";"0";"0";"0";"0";"41";"3";"1";
"0";"0";"0";"0";"0";"0";"0";"1";"81";"15";"4";"2";"3";"0";"1";"0";"0";"0";"10";"2";"1";
"0";"0";"0";"0";"0";"0";"0";"2";"38";"44";"4";"1";"1";"0";"0";"0";"0";"0";"9";"5";"1";
"0";"0";"0";"0";"0";"0";"0";"1";"17";"47";"3";"2";"7";"0";"0";"0";"0";"0";"3";"0";"1";
"0";"0";"0";"0";"0";"0";"0";"1";"241";"4";"3";"1";"4";"0";"0";"0";"0";"0";"67";"0";"1";
"0";"0";"0";"0";"0";"0";"0";"1";"29";"25";"4";"0";"2";"0";"0";"0";"0";"0";"8";"2";"1";
"0";"0";"0";"0";"0";"0";"0";"1";"22";"18";"5";"1";"3";"0";"0";"0";"0";"0";"7";"2";"1";
"0";"0";"0";"0";"0";"0";"0";"0";"151";"3";"3";"3";"5";"0";"0";"0";"0";"0";"31";"0";"1";
"0";"0";"0";"0";"0";"0";"0";"1";"145";"34";"9";"2";"6";"0";"0";"0";"0";"0";"30";"3";"3";
"0";"0";"0";"0";"0";"0";"0";"1";"183";"6";"4";"3";"7";"0";"0";"0";"0";"0";"45";"0";"1";
"0";"0";"0";"0";"0";"0";"0";"0";"97";"12";"3";"0";"4";"0";"0";"0";"0";"0";"13";"1";"1";
"0";"0";"0";"0";"0";"0";"0";"2";"230";"48";"4";"1";"4";"0";"0";"0";"0";"0";"52";"5";"2";
"0";"0";"0";"0";"0";"0";"0";"0";"16";"47";"3";"1";"3";"0";"0";"0";"0";"0";"3";"8";"1";
"0";"0";"0";"0";"0";"0";"0";"1";"211";"9";"3";"2";"7";"0";"0";"0";"0";"0";"54";"1";"1";
"0";"0";"0";"0";"0";"0";"0";"0";"94";"35";"7";"1";"5";"0";"0";"0";"0";"0";"22";"5";"2";
"0";"0";"0";"0";"0";"0";"0";"0";"55";"17";"5";"2";"2";"0";"0";"0";"0";"0";"9";"1";"2";
"0";"0";"0";"0";"0";"0";"0";"1";"73";"12";"3";"2";"2";"0";"0";"0";"0";"0";"22";"0";"1";
"0";"0";"0";"0";"0";"0";"0";"1";"91";"16";"5";"2";"2";"0";"0";"0";"0";"0";"21";"3";"1";
"0";"0";"0";"0";"0";"0";"0";"0";"34";"40";"4";"2";"1";"0";"0";"0";"0";"0";"6";"5";"1";
"0";"0";"0";"0";"0";"0";"0";"1";"189";"32";"5";"2";"5";"0";"0";"0";"0";"0";"55";"4";"1";
"0";"0";"0";"0";"0";"0";"0";"0";"28";"6";"4";"2";"1";"0";"0";"0";"0";"0";"4";"1";"1";
"0";"0";"0";"0";"0";"0";"0";"1";"10";"32";"5";"2";"5";"0";"0";"0";"0";"0";"3";"4";"1";
"0";"0";"0";"0";"0";"0";"0";"1";"12";"13";"2";"2";"6";"0";"0";"0";"0";"0";"4";"2";"1";
"0";"0";"0";"1";"0";"1";"0";"0";"115";"11";"3";"2";"2";"0";"0";"0";"0";"0";"26";"1";"1";
"0";"0";"0";"0";"0";"0";"0";"1";"6";"0";"6";"2";"2";"0";"0";"1";"0";"0";"0";"0";"2";
"0";"0";"0";"0";"0";"0";"0";"0";"35";"2";"2";"2";"5";"0";"0";"0";"0";"0";"4";"1";"1";
"0";"0";"0";"0";"0";"0";"0";"1";"27";"2";"3";"3";"4";"0";"0";"0";"0";"0";"5";"0";"1";
"0";"0";"0";"0";"0";"0";"0";"2";"358";"2";"6";"2";"5";"0";"0";"0";"0";"0";"53";"0";"1";
"0";"0";"0";"0";"0";"0";"0";"0";"278";"20";"3";"2";"5";"0";"0";"0";"0";"0";"56";"1";"1";
"0";"0";"0";"0";"0";"0";"0";"1";"380";"17";"6";"2";"4";"0";"0";"0";"0";"0";"53";"2";"2";
"0";"0";"0";"0";"0";"0";"0";"0";"50";"31";"6";"1";"2";"0";"1";"0";"0";"0";"10";"4";"3";
"0";"0";"0";"0";"0";"0";"0";"1";"9";"23";"6";"2";"4";"0";"1";"0";"0";"0";"2";"4";"2";
"0";"0";"0";"0";"0";"0";"0";"1";"195";"5";"4";"0";"2";"0";"0";"0";"0";"0";"41";"0";"1";
"0";"0";"0";"0";"0";"0";"0";"1";"42";"3";"3";"2";"1";"0";"0";"0";"0";"0";"13";"0";"1";
"0";"0";"0";"0";"0";"0";"0";"1";"4";"22";"4";"2";"7";"0";"0";"0";"0";"0";"1";"2";"2";
"0";"0";"0";"0";"0";"0";"0";"1";"10";"23";"7";"3";"4";"0";"0";"0";"0";"0";"4";"2";"2";
"0";"0";"0";"0";"0";"0";"0";"1";"14";"19";"4";"1";"2";"0";"0";"0";"0";"0";"4";"3";"1";
"0";"0";"0";"0";"0";"0";"0";"1";"10";"11";"4";"1";"4";"0";"0";"0";"0";"0";"3";"1";"1";
"0";"0";"0";"0";"0";"0";"0";"0";"38";"12";"3";"2";"1";"0";"0";"0";"0";"0";"8";"0";"1";
"0";"0";"0";"0";"0";"0";"0";"1";"40";"30";"4";"2";"5";"0";"0";"0";"0";"0";"13";"4";"1";
"0";"0";"0";"0";"1";"0";"0";"0";"81";"21";"3";"1";"2";"0";"0";"0";"0";"0";"9";"3";"1";
"0";"0";"0";"0";"0";"0";"0";"1";"6";"7";"9";"2";"1";"0";"0";"0";"0";"0";"0";"1";"3";
"0";"0";"0";"0";"0";"0";"0";"1";"176";"40";"5";"2";"7";"0";"0";"0";"0";"0";"49";"2";"1";
"0";"0";"0";"0";"0";"0";"0";"1";"77";"2";"3";"2";"4";"0";"0";"0";"0";"0";"17";"0";"1";
"0";"0";"0";"0";"0";"0";"0";"1";"77";"9";"6";"2";"3";"0";"0";"0";"0";"0";"17";"1";"2";
"0";"0";"0";"0";"0";"0";"0";"0";"208";"0";"7";"2";"5";"0";"0";"1";"0";"0";"27";"0";"2";
"0";"0";"0";"0";"0";"0";"0";"0";"103";"38";"8";"3";"2";"0";"0";"0";"0";"0";"15";"3";"3";
"0";"0";"0";"0";"0";"0";"0";"1";"11";"42";"3";"0";"3";"0";"0";"0";"0";"0";"3";"4";"1";
"0";"0";"0";"0";"0";"0";"0";"1";"62";"45";"5";"0";"1";"0";"0";"0";"0";"0";"5";"7";"1";
"0";"0";"0";"0";"0";"0";"0";"1";"139";"10";"6";"2";"2";"0";"0";"0";"0";"0";"33";"2";"2";
"0";"0";"0";"0";"0";"0";"0";"1";"54";"42";"5";"3";"1";"0";"0";"0";"0";"0";"10";"4";"1";
"0";"0";"0";"0";"0";"0";"0";"0";"238";"50";"8";"1";"4";"0";"0";"0";"0";"0";"75";"7";"3";
"0";"0";"0";"0";"0";"0";"0";"1";"55";"17";"2";"1";"2";"0";"0";"0";"0";"0";"12";"1";"1";
"0";"0";"0";"0";"0";"0";"0";"2";"18";"14";"4";"1";"4";"0";"0";"0";"0";"0";"6";"2";"1";
"0";"0";"0";"0";"0";"0";"0";"0";"34";"31";"4";"2";"1";"0";"0";"0";"0";"0";"8";"7";"1";
"0";"0";"0";"0";"0";"0";"0";"1";"305";"25";"5";"3";"3";"0";"0";"0";"0";"0";"86";"2";"2";
"0";"0";"0";"0";"0";"0";"0";"3";"58";"26";"5";"2";"5";"0";"0";"0";"0";"0";"13";"1";"1";
"0";"0";"0";"0";"0";"0";"0";"1";"204";"50";"7";"0";"5";"0";"0";"0";"0";"0";"53";"7";"3";
"0";"0";"0";"0";"0";"0";"0";"0";"275";"23";"5";"1";"7";"0";"0";"0";"0";"0";"65";"0";"2";
"0";"0";"0";"0";"0";"0";"0";"1";"26";"25";"5";"3";"5";"0";"0";"0";"0";"0";"5";"0";"1";
"0";"0";"0";"0";"0";"0";"0";"0";"98";"31";"6";"2";"5";"0";"0";"0";"0";"0";"14";"5";"2";
"0";"0";"0";"0";"0";"0";"0";"1";"22";"51";"9";"0";"5";"0";"0";"0";"0";"0";"4";"10";"3";
"0";"0";"0";"0";"0";"0";"0";"1";"7";"2";"6";"0";"1";"0";"0";"0";"0";"0";"1";"0";"2";
"0";"0";"0";"0";"0";"0";"1";"1";"28";"24";"6";"0";"2";"0";"0";"0";"0";"0";"4";"1";"2";
"0";"0";"0";"0";"0";"0";"0";"1";"91";"0";"2";"1";"5";"0";"0";"1";"0";"0";"14";"0";"0";
"0";"0";"0";"0";"0";"0";"0";"1";"19";"13";"2";"2";"6";"0";"0";"0";"0";"0";"6";"2";"1";
"0";"0";"0";"0";"0";"0";"0";"1";"77";"14";"3";"3";"4";"0";"0";"0";"0";"0";"17";"1";"1";
"0";"0";"0";"0";"0";"0";"0";"1";"60";"31";"2";"1";"2";"0";"0";"0";"1";"0";"11";"0";"0";
"0";"0";"0";"0";"0";"0";"0";"0";"99";"38";"8";"2";"2";"0";"0";"0";"0";"0";"15";"3";"3";
"0";"0";"0";"0";"1";"0";"0";"1";"142";"41";"4";"0";"7";"0";"0";"0";"0";"0";"25";"6";"1";
"0";"0";"0";"0";"0";"0";"0";"1";"54";"5";"3";"3";"5";"0";"0";"0";"0";"0";"11";"0";"1";
"0";"0";"0";"0";"0";"0";"1";"1";"17";"11";"3";"2";"2";"0";"0";"0";"0";"0";"3";"0";"1";
"0";"0";"0";"0";"0";"0";"0";"2";"96";"51";"7";"3";"2";"0";"0";"0";"0";"0";"21";"8";"2";
"0";"0";"0";"0";"0";"0";"0";"1";"6";"9";"3";"2";"7";"0";"0";"0";"0";"0";"2";"1";"1";
"0";"0";"0";"0";"0";"0";"0";"0";"97";"55";"3";"2";"4";"0";"1";"0";"0";"0";"9";"6";"1";
"0";"0";"0";"0";"0";"0";"0";"1";"46";"15";"5";"1";"1";"0";"0";"0";"0";"0";"4";"2";"1";
"0";"0";"0";"0";"0";"0";"0";"1";"28";"32";"4";"1";"6";"0";"0";"0";"0";"0";"4";"0";"1";
"0";"0";"0";"0";"0";"0";"0";"1";"66";"6";"3";"0";"4";"0";"0";"0";"0";"0";"15";"1";"1";
"0";"0";"0";"0";"0";"0";"0";"1";"142";"13";"2";"3";"6";"0";"0";"0";"0";"0";"30";"2";"1";
"0";"0";"0";"0";"0";"0";"0";"1";"8";"28";"4";"1";"2";"0";"1";"0";"0";"0";"2";"3";"1";
"0";"0";"0";"0";"0";"0";"0";"0";"12";"19";"5";"3";"5";"0";"0";"0";"0";"0";"4";"1";"2";
"0";"0";"0";"0";"0";"0";"0";"1";"62";"1";"4";"1";"4";"0";"0";"0";"0";"0";"5";"0";"1";
"0";"0";"0";"0";"0";"0";"0";"2";"74";"34";"6";"0";"2";"0";"0";"0";"0";"0";"18";"8";"2";
"0";"0";"0";"0";"0";"0";"0";"1";"40";"42";"5";"1";"1";"0";"0";"0";"0";"0";"11";"4";"1";
"0";"0";"0";"0";"0";"0";"0";"2";"14";"48";"5";"2";"6";"0";"0";"0";"0";"0";"2";"5";"1";
"0";"0";"0";"0";"0";"0";"0";"1";"38";"36";"2";"0";"1";"0";"0";"0";"0";"0";"7";"4";"1";
"0";"0";"0";"0";"0";"0";"0";"2";"37";"39";"8";"3";"5";"0";"0";"0";"0";"0";"5";"7";"3";
"0";"0";"0";"0";"0";"0";"0";"1";"22";"8";"2";"2";"3";"0";"0";"0";"0";"0";"4";"0";"0";
"0";"0";"0";"0";"0";"0";"0";"1";"71";"25";"4";"2";"5";"0";"0";"0";"0";"0";"14";"5";"1";
"0";"0";"0";"0";"0";"0";"1";"1";"65";"24";"6";"3";"2";"0";"0";"0";"0";"0";"20";"1";"2";
"0";"0";"0";"0";"0";"0";"0";"1";"28";"50";"5";"3";"2";"0";"0";"0";"0";"0";"6";"6";"1";
"0";"0";"0";"0";"0";"0";"0";"0";"26";"18";"3";"1";"2";"0";"0";"0";"0";"0";"5";"3";"1";
"0";"0";"0";"0";"0";"0";"0";"1";"33";"4";"4";"1";"5";"0";"0";"0";"0";"0";"10";"0";"1";
"0";"0";"0";"0";"0";"0";"0";"1";"55";"11";"6";"1";"1";"0";"0";"0";"0";"0";"10";"1";"2";
"0";"0";"0";"0";"0";"0";"0";"0";"44";"12";"2";"1";"3";"0";"0";"0";"0";"0";"15";"0";"0";
"0";"0";"0";"0";"0";"0";"0";"1";"46";"25";"5";"0";"3";"0";"0";"0";"0";"0";"6";"5";"2";
"0";"0";"0";"0";"0";"0";"0";"2";"214";"24";"1";"3";"5";"0";"0";"0";"0";"0";"57";"3";"0";
"0";"0";"0";"0";"0";"0";"0";"1";"220";"43";"2";"0";"2";"0";"0";"0";"0";"0";"58";"5";"0";
"0";"0";"0";"0";"0";"0";"0";"1";"243";"51";"6";"1";"3";"0";"0";"0";"0";"0";"61";"9";"2";
"0";"0";"0";"0";"0";"0";"0";"0";"102";"51";"5";"2";"3";"0";"0";"0";"1";"0";"21";"6";"1";
"0";"0";"0";"0";"0";"0";"0";"1";"204";"50";"4";"1";"2";"0";"0";"0";"0";"0";"53";"8";"1";
"0";"0";"0";"0";"0";"0";"0";"1";"84";"34";"4";"0";"6";"0";"0";"0";"0";"0";"14";"1";"1";
"0";"0";"0";"0";"0";"0";"0";"1";"377";"25";"5";"0";"5";"0";"0";"0";"0";"0";"52";"0";"1";
"0";"0";"0";"0";"0";"0";"0";"1";"24";"28";"4";"3";"5";"0";"0";"0";"0";"0";"6";"2";"1";
"0";"0";"0";"0";"0";"0";"0";"1";"92";"17";"5";"1";"4";"0";"1";"0";"0";"0";"10";"1";"1";
"0";"0";"0";"0";"0";"0";"0";"0";"26";"23";"4";"2";"5";"0";"0";"0";"0";"0";"5";"2";"1";
"0";"0";"0";"0";"0";"0";"0";"1";"176";"35";"4";"1";"3";"0";"0";"0";"0";"0";"20";"4";"1";
"0";"0";"0";"0";"0";"0";"0";"1";"70";"11";"6";"3";"1";"0";"0";"0";"0";"0";"9";"1";"2";
"0";"0";"0";"0";"0";"0";"0";"0";"44";"35";"8";"1";"4";"0";"0";"0";"0";"0";"15";"4";"3";
"0";"0";"0";"0";"0";"0";"0";"0";"38";"6";"2";"2";"5";"0";"0";"0";"0";"0";"7";"0";"1";
"0";"0";"0";"0";"0";"0";"0";"2";"12";"24";"1";"0";"5";"0";"0";"0";"0";"0";"4";"3";"0";
"0";"0";"0";"0";"0";"0";"0";"1";"14";"8";"2";"2";"3";"0";"0";"0";"0";"0";"3";"0";"0";
"0";"0";"0";"0";"0";"0";"0";"0";"28";"48";"2";"2";"1";"0";"0";"0";"0";"0";"6";"5";"1";
"0";"0";"0";"0";"0";"0";"0";"1";"11";"7";"7";"1";"5";"0";"0";"0";"0";"0";"4";"0";"2";
"0";"0";"0";"0";"0";"0";"0";"1";"133";"5";"5";"2";"2";"0";"0";"0";"0";"0";"33";"0";"2";
"0";"0";"0";"0";"1";"0";"0";"1";"142";"55";"4";"0";"1";"0";"0";"0";"0";"0";"25";"4";"1";
"0";"0";"0";"0";"0";"0";"0";"1";"5";"7";"8";"2";"2";"0";"0";"0";"0";"0";"2";"1";"3";
"0";"0";"0";"0";"0";"0";"1";"1";"112";"11";"3";"3";"2";"0";"1";"0";"0";"0";"31";"0";"1";
"0";"0";"0";"0";"0";"0";"0";"1";"5";"50";"5";"1";"4";"0";"0";"0";"0";"0";"2";"8";"2";
"0";"0";"0";"1";"0";"0";"0";"1";"6";"22";"2";"2";"2";"0";"0";"0";"1";"0";"2";"0";"1";
"0";"0";"0";"0";"0";"0";"0";"1";"10";"4";"2";"1";"1";"0";"0";"0";"0";"0";"3";"0";"0";
"0";"0";"0";"0";"0";"0";"0";"0";"46";"6";"6";"1";"1";"0";"0";"0";"0";"0";"8";"0";"2";
"0";"0";"0";"0";"0";"0";"0";"1";"88";"0";"5";"3";"1";"0";"0";"1";"1";"0";"20";"0";"2";
"0";"0";"0";"0";"0";"0";"0";"1";"278";"0";"3";"3";"6";"0";"0";"1";"0";"0";"50";"0";"1";
"0";"0";"0";"0";"0";"0";"0";"1";"87";"6";"3";"1";"2";"0";"0";"0";"0";"0";"19";"0";"1";
"1";"0";"0";"0";"0";"0";"0";"0";"88";"13";"6";"1";"2";"0";"0";"0";"0";"0";"12";"1";"2";
"0";"0";"0";"0";"0";"0";"0";"1";"75";"51";"4";"2";"3";"0";"0";"0";"0";"0";"4";"4";"2";
"0";"0";"0";"0";"0";"0";"0";"1";"57";"16";"3";"0";"4";"0";"0";"0";"0";"0";"14";"3";"1";
"0";"0";"0";"0";"0";"0";"0";"1";"84";"5";"5";"1";"2";"0";"0";"0";"0";"0";"14";"1";"1";
"0";"0";"0";"0";"0";"0";"0";"2";"284";"33";"5";"1";"1";"0";"0";"0";"0";"0";"66";"3";"2";
"0";"0";"0";"0";"0";"0";"0";"1";"75";"6";"5";"1";"6";"0";"0";"0";"0";"0";"14";"2";"1";
"0";"0";"0";"0";"0";"0";"0";"1";"11";"28";"4";"2";"5";"0";"0";"0";"0";"0";"3";"2";"1";
"0";"0";"0";"0";"0";"0";"0";"0";"5";"38";"6";"2";"5";"0";"0";"0";"0";"0";"2";"7";"2";
"0";"0";"0";"0";"0";"0";"0";"1";"55";"40";"5";"1";"7";"0";"0";"0";"0";"0";"17";"5";"1";
"0";"0";"0";"0";"0";"0";"0";"0";"85";"9";"4";"1";"1";"0";"0";"0";"0";"0";"19";"2";"2";
"0";"0";"0";"0";"0";"0";"0";"1";"91";"4";"2";"2";"1";"0";"1";"0";"0";"0";"9";"0";"0";
"0";"0";"0";"0";"0";"0";"0";"1";"199";"42";"9";"0";"5";"0";"0";"0";"0";"0";"40";"11";"4";
"0";"0";"0";"0";"0";"0";"0";"1";"37";"13";"4";"1";"2";"0";"0";"0";"0";"0";"5";"2";"1";
"0";"0";"0";"0";"0";"0";"0";"2";"64";"29";"2";"2";"2";"0";"0";"0";"0";"0";"16";"2";"0";
"0";"0";"0";"0";"0";"0";"0";"1";"5";"26";"4";"3";"7";"0";"0";"0";"0";"0";"2";"2";"1";
"0";"0";"0";"0";"0";"0";"0";"0";"85";"31";"5";"4";"1";"0";"0";"0";"1";"0";"10";"1";"1";
"0";"0";"0";"0";"0";"0";"0";"1";"230";"6";"9";"4";"2";"0";"0";"0";"0";"0";"50";"2";"3";
"0";"0";"0";"0";"0";"0";"0";"1";"37";"50";"5";"2";"4";"0";"0";"0";"0";"0";"5";"8";"2";
"0";"0";"0";"0";"0";"0";"0";"1";"72";"33";"9";"1";"1";"0";"0";"0";"0";"0";"6";"6";"3";
"0";"0";"0";"0";"0";"0";"0";"1";"13";"50";"8";"2";"7";"0";"0";"0";"0";"0";"0";"11";"3";
"0";"0";"0";"0";"0";"0";"0";"0";"39";"31";"5";"1";"1";"0";"0";"0";"1";"0";"3";"1";"1";
"1";"0";"0";"0";"0";"0";"0";"1";"11";"50";"4";"2";"3";"0";"0";"0";"0";"0";"4";"5";"1";
"0";"0";"0";"0";"0";"0";"0";"1";"37";"2";"3";"3";"1";"0";"0";"0";"0";"0";"5";"1";"0";
"0";"0";"0";"0";"0";"0";"0";"1";"180";"19";"4";"2";"2";"0";"0";"0";"0";"0";"44";"1";"1";
"0";"0";"0";"0";"0";"0";"0";"1";"18";"55";"4";"2";"1";"0";"0";"0";"0";"0";"2";"4";"1";
"0";"0";"0";"0";"0";"0";"0";"0";"130";"31";"5";"2";"1";"0";"0";"0";"1";"0";"31";"1";"1";
"0";"0";"0";"0";"0";"0";"0";"1";"210";"51";"6";"0";"5";"0";"0";"0";"0";"0";"57";"6";"2";
"0";"0";"0";"0";"0";"0";"0";"1";"48";"10";"5";"1";"2";"0";"0";"0";"0";"0";"5";"0";"2";
"0";"0";"0";"0";"0";"0";"0";"0";"11";"45";"6";"2";"2";"0";"0";"0";"0";"0";"4";"8";"2";
"0";"0";"0";"0";"0";"0";"0";"0";"377";"27";"8";"1";"3";"0";"0";"0";"0";"0";"52";"3";"2";
"0";"0";"0";"0";"0";"0";"0";"1";"89";"10";"3";"3";"2";"0";"0";"0";"0";"0";"19";"1";"1";
"0";"0";"0";"0";"0";"0";"0";"1";"28";"55";"4";"2";"1";"0";"0";"0";"0";"0";"4";"4";"1";
"0";"0";"0";"0";"0";"0";"0";"1";"229";"17";"5";"3";"4";"0";"0";"0";"0";"0";"68";"1";"1";
"0";"0";"0";"0";"0";"0";"0";"0";"10";"33";"9";"1";"4";"0";"0";"0";"0";"0";"2";"3";"3";
"0";"0";"0";"0";"0";"0";"0";"2";"146";"13";"6";"1";"3";"0";"0";"0";"0";"1";"49";"1";"2";
"0";"0";"0";"0";"0";"1";"0";"1";"42";"45";"2";"2";"4";"0";"0";"0";"0";"0";"6";"5";"1";
"0";"0";"0";"0";"0";"0";"0";"1";"40";"5";"2";"2";"4";"0";"0";"0";"0";"0";"6";"0";"1";
"0";"0";"0";"0";"0";"0";"0";"1";"70";"12";"8";"1";"4";"0";"0";"0";"0";"0";"9";"1";"3";
"0";"0";"0";"0";"0";"0";"0";"1";"145";"48";"3";"2";"1";"0";"0";"0";"0";"0";"30";"6";"1";
"0";"0";"0";"0";"0";"0";"0";"1";"60";"7";"2";"0";"5";"0";"0";"0";"0";"0";"18";"0";"1";
"0";"0";"0";"0";"0";"0";"0";"0";"136";"6";"2";"1";"5";"0";"1";"0";"0";"0";"32";"0";"1";
"0";"0";"0";"0";"0";"0";"0";"0";"195";"43";"5";"2";"5";"0";"0";"0";"0";"0";"61";"5";"2";
"0";"0";"0";"0";"0";"0";"0";"1";"69";"37";"6";"2";"5";"0";"0";"0";"0";"0";"26";"5";"2";
"0";"0";"0";"0";"0";"0";"0";"0";"325";"28";"4";"1";"2";"0";"0";"0";"0";"0";"59";"1";"1";
"0";"0";"0";"0";"0";"0";"0";"1";"46";"6";"2";"2";"3";"0";"0";"0";"0";"0";"9";"1";"1";
"0";"0";"0";"0";"0";"0";"0";"1";"39";"6";"7";"3";"2";"0";"0";"0";"0";"0";"3";"0";"2";
"0";"0";"0";"0";"0";"0";"0";"1";"42";"47";"8";"1";"4";"0";"0";"0";"0";"0";"12";"7";"3";
"0";"0";"0";"0";"0";"0";"0";"0";"108";"16";"5";"1";"5";"0";"0";"0";"1";"0";"23";"1";"1";
"0";"0";"0";"0";"0";"0";"0";"1";"54";"19";"4";"1";"2";"0";"0";"0";"0";"0";"7";"1";"1";
"0";"0";"0";"0";"0";"0";"0";"2";"18";"18";"2";"1";"2";"0";"1";"0";"0";"0";"2";"3";"0";
"0";"0";"0";"0";"0";"0";"0";"1";"11";"44";"9";"0";"1";"0";"0";"0";"0";"0";"4";"10";"3";
"0";"0";"0";"0";"0";"0";"0";"0";"214";"14";"3";"1";"1";"0";"0";"0";"0";"0";"56";"1";"1";
"0";"0";"0";"0";"0";"0";"0";"2";"18";"16";"9";"2";"2";"0";"0";"0";"0";"1";"6";"2";"3";
"0";"0";"0";"0";"0";"0";"0";"1";"11";"49";"3";"2";"3";"0";"0";"0";"0";"0";"1";"12";"1";
"0";"0";"0";"0";"0";"0";"0";"0";"263";"47";"8";"3";"2";"0";"0";"0";"0";"0";"56";"7";"2";
"0";"0";"0";"0";"0";"0";"0";"0";"53";"16";"4";"0";"1";"0";"0";"0";"0";"0";"6";"2";"1";
"0";"0";"0";"0";"0";"0";"0";"2";"155";"39";"8";"1";"5";"0";"0";"0";"0";"0";"44";"7";"2";
"0";"0";"0";"0";"0";"0";"0";"1";"38";"20";"4";"2";"5";"0";"0";"0";"0";"0";"10";"1";"1";
"0";"0";"0";"0";"0";"0";"0";"1";"11";"42";"5";"1";"7";"0";"0";"0";"0";"0";"2";"6";"1";
"0";"0";"0";"0";"0";"0";"0";"1";"1";"23";"3";"3";"1";"0";"0";"0";"0";"0";"0";"3";"1";
"0";"0";"0";"0";"0";"0";"0";"0";"110";"52";"6";"1";"2";"0";"0";"0";"0";"0";"27";"6";"2";
"0";"0";"0";"0";"0";"0";"0";"1";"18";"9";"0";"2";"2";"0";"0";"0";"0";"0";"2";"0";"0";
"0";"0";"0";"0";"0";"0";"0";"1";"128";"17";"9";"2";"1";"0";"0";"0";"0";"0";"28";"2";"3";
"0";"0";"0";"0";"0";"0";"0";"1";"41";"47";"5";"1";"2";"0";"0";"0";"0";"0";"6";"7";"1";
"0";"0";"0";"0";"0";"0";"0";"1";"139";"10";"5";"1";"2";"0";"0";"0";"0";"0";"33";"0";"2";
"0";"0";"0";"0";"0";"0";"0";"1";"44";"29";"5";"1";"5";"0";"0";"0";"0";"0";"4";"7";"1";
"0";"0";"0";"0";"0";"0";"0";"1";"263";"11";"7";"3";"3";"0";"0";"0";"0";"0";"56";"2";"3";
"0";"0";"0";"0";"0";"0";"0";"0";"6";"48";"8";"1";"5";"0";"0";"0";"0";"0";"0";"6";"2";
"0";"0";"0";"0";"0";"0";"0";"1";"125";"10";"3";"1";"5";"0";"0";"0";"0";"0";"26";"0";"1";
"0";"0";"0";"0";"0";"0";"0";"1";"216";"20";"4";"1";"5";"0";"1";"0";"0";"0";"51";"1";"1";
"0";"0";"0";"0";"0";"0";"0";"0";"4";"11";"6";"3";"3";"0";"0";"0";"0";"0";"1";"1";"2";
"0";"0";"0";"0";"0";"0";"0";"4";"121";"37";"9";"3";"2";"0";"0";"0";"0";"1";"30";"3";"3";
"0";"0";"0";"0";"0";"0";"0";"2";"179";"17";"5";"0";"1";"0";"0";"0";"0";"0";"53";"1";"2";
"0";"0";"0";"0";"0";"0";"0";"1";"50";"12";"4";"1";"2";"0";"0";"0";"0";"0";"18";"3";"1";
"0";"0";"0";"0";"0";"0";"0";"1";"15";"26";"4";"2";"7";"0";"0";"0";"0";"0";"5";"3";"2";
"0";"0";"0";"0";"0";"0";"0";"1";"229";"45";"5";"1";"3";"0";"0";"0";"0";"0";"68";"5";"1";
"0";"0";"0";"0";"0";"0";"0";"1";"53";"19";"7";"0";"2";"0";"0";"0";"0";"0";"12";"1";"2";
"0";"0";"0";"0";"0";"0";"0";"2";"137";"34";"6";"0";"5";"0";"0";"0";"0";"0";"34";"8";"2";
"0";"0";"0";"0";"0";"1";"0";"1";"4";"45";"2";"1";"4";"0";"0";"0";"0";"0";"1";"5";"1";
"0";"0";"0";"0";"0";"0";"0";"1";"11";"20";"5";"2";"2";"0";"0";"0";"0";"0";"4";"3";"1";
"0";"0";"0";"0";"0";"0";"0";"0";"18";"13";"3";"3";"2";"0";"0";"0";"0";"0";"4";"1";"1";
"0";"0";"0";"0";"0";"0";"0";"1";"65";"12";"4";"1";"2";"0";"0";"0";"0";"0";"15";"3";"1";
"0";"0";"0";"0";"0";"0";"0";"1";"141";"6";"5";"0";"1";"0";"1";"0";"0";"0";"36";"0";"1";
"0";"0";"0";"0";"0";"0";"0";"1";"8";"1";"2";"2";"6";"0";"0";"0";"0";"0";"2";"0";"0";
"0";"0";"0";"0";"0";"0";"0";"1";"54";"26";"2";"1";"5";"0";"0";"0";"0";"0";"11";"4";"0";
"0";"0";"0";"0";"0";"0";"0";"1";"139";"6";"2";"2";"4";"0";"0";"0";"0";"0";"33";"1";"1";
"0";"0";"0";"0";"0";"0";"0";"1";"46";"8";"6";"2";"5";"0";"0";"0";"0";"0";"11";"0";"2";
"0";"0";"0";"0";"0";"0";"0";"0";"76";"36";"3";"2";"3";"0";"0";"0";"0";"0";"9";"0";"1";
"0";"0";"0";"0";"0";"0";"0";"0";"100";"48";"8";"3";"5";"0";"0";"0";"0";"0";"21";"6";"2";
"0";"0";"0";"0";"0";"0";"0";"2";"7";"41";"4";"1";"6";"0";"0";"0";"0";"0";"2";"8";"1";
"0";"0";"0";"0";"0";"0";"0";"1";"105";"6";"2";"2";"5";"0";"0";"0";"0";"0";"21";"0";"0";
"0";"0";"0";"0";"0";"0";"0";"0";"92";"31";"7";"2";"1";"0";"0";"0";"0";"0";"24";"5";"2";
"0";"0";"0";"0";"0";"0";"0";"2";"21";"13";"7";"3";"1";"0";"1";"0";"0";"0";"1";"1";"2";
"0";"0";"0";"0";"0";"0";"0";"2";"82";"41";"1";"1";"3";"0";"0";"0";"0";"0";"29";"2";"0";
"1";"0";"0";"0";"0";"0";"0";"2";"68";"45";"6";"0";"4";"0";"0";"0";"0";"0";"22";"7";"2";
"0";"0";"0";"0";"0";"0";"0";"2";"215";"3";"0";"1";"5";"0";"0";"1";"1";"0";"57";"0";"0";
"0";"0";"0";"0";"0";"0";"0";"0";"57";"9";"5";"1";"4";"0";"0";"0";"0";"0";"10";"1";"1";
"0";"0";"0";"0";"0";"0";"0";"1";"126";"25";"7";"2";"1";"0";"0";"0";"0";"0";"19";"3";"2";
"0";"0";"0";"0";"0";"0";"0";"1";"136";"34";"4";"1";"5";"0";"0";"0";"0";"0";"26";"2";"1";
"0";"0";"0";"0";"0";"0";"1";"1";"97";"19";"3";"2";"4";"0";"0";"0";"0";"0";"29";"2";"1";
"0";"0";"0";"0";"0";"0";"0";"1";"130";"49";"5";"2";"5";"0";"0";"0";"0";"0";"31";"8";"1";
"0";"0";"0";"0";"0";"0";"0";"2";"163";"35";"7";"2";"5";"0";"0";"0";"0";"1";"43";"3";"2";
"0";"0";"0";"0";"0";"0";"0";"0";"212";"30";"4";"2";"2";"0";"0";"0";"0";"0";"67";"2";"1";
"0";"0";"0";"0";"0";"0";"0";"0";"384";"30";"6";"1";"2";"0";"0";"0";"0";"0";"116";"5";"2";
"0";"0";"0";"0";"0";"0";"0";"1";"34";"7";"3";"1";"2";"0";"0";"0";"0";"0";"8";"1";"1";
"0";"0";"0";"0";"0";"0";"0";"1";"4";"15";"4";"3";"4";"0";"0";"0";"0";"0";"1";"1";"1";
"0";"0";"0";"0";"0";"0";"0";"1";"45";"33";"7";"2";"5";"0";"0";"0";"0";"0";"5";"6";"2";
"0";"0";"0";"0";"0";"0";"0";"0";"5";"10";"5";"2";"5";"0";"0";"0";"0";"0";"1";"1";"1";
"0";"0";"0";"0";"0";"0";"0";"1";"43";"8";"3";"3";"3";"0";"0";"0";"0";"0";"9";"0";"1";
"0";"0";"0";"0";"0";"0";"0";"2";"30";"45";"7";"3";"4";"0";"0";"0";"0";"0";"6";"3";"3";
"0";"0";"0";"0";"0";"0";"0";"2";"5";"1";"3";"1";"1";"0";"0";"0";"0";"0";"2";"0";"1";
"0";"0";"0";"0";"0";"0";"0";"1";"39";"16";"3";"1";"1";"0";"0";"0";"1";"0";"7";"0";"1";
"0";"0";"0";"0";"0";"0";"0";"0";"28";"43";"7";"1";"1";"0";"0";"0";"0";"0";"3";"10";"2";
"0";"0";"0";"0";"0";"0";"0";"1";"31";"10";"5";"1";"7";"0";"0";"0";"0";"0";"10";"2";"1";
"0";"0";"0";"0";"0";"0";"0";"1";"100";"12";"6";"2";"3";"0";"0";"0";"0";"0";"21";"1";"2";
"0";"0";"0";"0";"0";"0";"0";"1";"47";"33";"4";"4";"5";"0";"0";"0";"0";"0";"7";"3";"1";
"0";"0";"0";"0";"0";"0";"0";"1";"84";"4";"4";"3";"3";"0";"0";"0";"0";"0";"20";"1";"1";
"0";"0";"0";"0";"0";"0";"0";"0";"96";"31";"7";"0";"1";"0";"0";"0";"0";"0";"16";"5";"2";
"0";"0";"0";"0";"0";"0";"0";"1";"18";"50";"4";"1";"1";"0";"1";"0";"0";"0";"2";"5";"1";
"0";"0";"0";"0";"0";"0";"0";"0";"180";"24";"7";"1";"4";"0";"0";"0";"1";"0";"57";"4";"2";
"0";"0";"0";"0";"0";"0";"0";"1";"52";"16";"5";"0";"3";"0";"0";"0";"0";"0";"2";"1";"2";
"0";"0";"0";"0";"0";"0";"0";"2";"51";"15";"6";"2";"5";"0";"0";"0";"0";"1";"8";"1";"2";
"0";"0";"0";"0";"0";"0";"0";"1";"180";"28";"6";"0";"5";"0";"0";"0";"0";"0";"57";"8";"2";
"0";"0";"0";"0";"0";"0";"0";"1";"130";"12";"3";"1";"3";"0";"0";"0";"0";"0";"31";"4";"2";
"0";"0";"0";"0";"0";"0";"0";"1";"44";"50";"4";"1";"7";"0";"0";"0";"0";"0";"6";"6";"1";
"0";"0";"0";"0";"0";"0";"0";"1";"167";"28";"6";"1";"5";"0";"0";"0";"0";"0";"33";"8";"2";
"0";"0";"0";"0";"0";"0";"0";"0";"105";"30";"6";"3";"2";"0";"0";"0";"0";"0";"21";"5";"2";
"0";"0";"0";"0";"0";"0";"0";"0";"74";"21";"4";"0";"1";"0";"0";"0";"0";"0";"16";"3";"1";
"0";"0";"0";"0";"0";"0";"0";"1";"11";"11";"5";"1";"1";"0";"0";"0";"0";"0";"3";"0";"1";
"0";"0";"0";"0";"0";"0";"0";"2";"11";"41";"1";"1";"3";"0";"0";"0";"0";"0";"2";"2";"0";
"0";"0";"0";"0";"0";"0";"0";"0";"34";"0";"8";"2";"2";"0";"0";"1";"0";"0";"4";"0";"3";
"0";"0";"0";"0";"0";"0";"0";"1";"203";"4";"4";"3";"5";"0";"0";"0";"0";"0";"63";"0";"1";
"0";"0";"0";"0";"0";"0";"0";"1";"15";"26";"5";"1";"6";"0";"0";"0";"0";"0";"4";"2";"1";
"0";"0";"0";"0";"0";"0";"0";"1";"37";"47";"5";"1";"4";"0";"0";"0";"0";"0";"5";"5";"2";
"0";"0";"0";"0";"0";"0";"0";"1";"49";"24";"4";"2";"1";"0";"0";"0";"0";"0";"10";"5";"1";
"0";"0";"0";"0";"0";"0";"0";"0";"16";"36";"7";"3";"4";"0";"0";"0";"0";"0";"5";"4";"2";
"0";"0";"0";"0";"0";"0";"0";"1";"77";"18";"3";"0";"5";"0";"0";"0";"0";"0";"20";"4";"1";
"0";"0";"0";"0";"0";"0";"0";"1";"34";"53";"5";"2";"2";"0";"0";"0";"0";"0";"4";"8";"2";
"0";"0";"0";"0";"0";"0";"0";"1";"167";"7";"4";"1";"3";"0";"0";"0";"0";"0";"35";"1";"1";
"0";"0";"0";"0";"0";"0";"0";"1";"83";"32";"8";"3";"6";"0";"0";"0";"0";"0";"13";"5";"3";
"0";"0";"0";"0";"0";"0";"0";"1";"29";"47";"5";"2";"4";"0";"0";"0";"0";"0";"3";"5";"2";
"0";"0";"0";"0";"0";"0";"0";"1";"125";"22";"4";"1";"2";"0";"0";"0";"0";"0";"35";"1";"2";
"0";"0";"0";"0";"0";"0";"0";"1";"350";"14";"3";"1";"4";"0";"0";"0";"0";"0";"68";"1";"1";
"0";"0";"0";"0";"0";"0";"0";"1";"49";"19";"7";"3";"2";"0";"0";"0";"0";"0";"8";"2";"2";
"0";"0";"0";"0";"0";"0";"0";"0";"11";"14";"4";"2";"3";"0";"0";"0";"0";"0";"3";"1";"1";
"0";"0";"0";"0";"0";"0";"0";"0";"64";"37";"4";"1";"7";"0";"0";"0";"0";"0";"11";"8";"2";
"1";"0";"0";"0";"0";"0";"0";"1";"126";"43";"2";"2";"2";"0";"0";"0";"0";"0";"19";"3";"1";
"0";"0";"0";"0";"0";"0";"0";"0";"32";"10";"4";"0";"3";"0";"0";"0";"0";"0";"8";"1";"1";
"0";"0";"0";"0";"0";"0";"0";"0";"108";"9";"7";"2";"3";"0";"0";"0";"1";"0";"15";"1";"2";
"0";"0";"0";"0";"0";"0";"0";"1";"157";"49";"5";"2";"5";"0";"0";"0";"0";"0";"30";"8";"1";
"0";"0";"0";"1";"0";"0";"0";"0";"272";"0";"3";"2";"1";"0";"1";"1";"0";"0";"83";"0";"1";
"0";"0";"0";"0";"0";"0";"0";"2";"84";"5";"4";"0";"4";"0";"0";"0";"0";"0";"15";"0";"1";
"0";"0";"0";"0";"0";"0";"0";"1";"225";"6";"4";"1";"4";"0";"0";"0";"0";"0";"16";"0";"1";
"0";"0";"0";"0";"0";"0";"0";"1";"61";"38";"6";"3";"2";"0";"0";"1";"0";"0";"8";"5";"2";
"0";"0";"0";"0";"0";"0";"0";"1";"378";"13";"5";"1";"2";"0";"0";"0";"0";"0";"27";"0";"1";
"0";"0";"0";"0";"0";"0";"0";"1";"49";"5";"3";"1";"2";"0";"0";"0";"0";"0";"8";"0";"1";
"0";"0";"0";"0";"0";"0";"0";"1";"82";"6";"3";"0";"2";"0";"1";"0";"0";"0";"15";"0";"1";
"0";"0";"0";"0";"0";"0";"0";"1";"19";"25";"6";"4";"4";"0";"0";"0";"0";"0";"5";"4";"1";
"1";"0";"0";"0";"0";"0";"0";"1";"5";"43";"2";"1";"2";"0";"0";"0";"0";"0";"1";"3";"1";
"0";"0";"0";"0";"0";"0";"0";"1";"142";"22";"4";"2";"2";"0";"0";"0";"0";"0";"40";"2";"1";
"0";"0";"0";"0";"0";"0";"0";"0";"57";"18";"1";"3";"5";"0";"0";"0";"0";"0";"10";"2";"0";
"0";"0";"0";"0";"0";"0";"0";"1";"43";"8";"5";"2";"7";"0";"0";"0";"0";"0";"9";"1";"1";
"0";"0";"0";"0";"0";"0";"0";"1";"74";"16";"3";"3";"4";"0";"0";"0";"0";"0";"17";"2";"1";
"0";"0";"0";"0";"0";"0";"0";"0";"89";"40";"6";"1";"4";"0";"0";"0";"0";"0";"22";"6";"2";
"0";"0";"0";"0";"0";"0";"0";"0";"43";"46";"7";"4";"1";"0";"0";"0";"0";"0";"8";"4";"2";
"0";"0";"0";"0";"0";"0";"0";"1";"402";"51";"5";"2";"1";"0";"0";"0";"0";"0";"119";"5";"2";
"0";"0";"0";"0";"0";"0";"0";"1";"34";"24";"4";"2";"3";"0";"0";"0";"0";"0";"4";"2";"1";
"0";"0";"0";"0";"0";"0";"0";"1";"11";"14";"5";"3";"5";"0";"0";"0";"0";"0";"3";"1";"2";
"0";"0";"0";"0";"0";"0";"0";"1";"17";"43";"8";"3";"2";"0";"0";"0";"0";"0";"5";"6";"2";
"0";"0";"0";"0";"0";"0";"0";"1";"1";"17";"2";"2";"2";"0";"0";"0";"0";"0";"0";"1";"1";
"0";"0";"0";"0";"0";"0";"0";"0";"43";"0";"3";"1";"3";"0";"0";"1";"0";"0";"6";"0";"0";
"0";"0";"0";"0";"0";"0";"0";"0";"108";"3";"3";"3";"1";"0";"0";"0";"0";"0";"15";"0";"1";
"0";"0";"0";"0";"0";"0";"0";"1";"7";"0";"6";"1";"2";"0";"0";"1";"0";"0";"2";"0";"1";
"0";"0";"0";"0";"0";"0";"0";"1";"57";"51";"4";"4";"2";"0";"0";"0";"0";"0";"7";"6";"1";
"0";"0";"0";"0";"0";"0";"0";"2";"10";"5";"4";"2";"4";"0";"0";"0";"0";"0";"4";"0";"1";
"0";"0";"0";"0";"0";"0";"0";"1";"69";"14";"4";"1";"6";"0";"0";"0";"0";"0";"7";"3";"2";
"0";"0";"0";"0";"0";"0";"0";"0";"81";"7";"1";"4";"6";"0";"0";"0";"0";"0";"19";"0";"0";
"0";"0";"0";"0";"0";"0";"0";"2";"82";"6";"3";"0";"7";"0";"0";"0";"0";"0";"23";"1";"1";
"0";"0";"0";"0";"0";"0";"0";"1";"29";"6";"6";"1";"2";"0";"1";"0";"0";"0";"2";"0";"2";
"0";"0";"0";"0";"0";"0";"0";"1";"141";"57";"2";"2";"6";"0";"0";"0";"0";"0";"28";"2";"0";
"0";"0";"0";"0";"0";"0";"0";"1";"71";"45";"9";"2";"5";"0";"0";"0";"0";"0";"17";"6";"3";
"0";"0";"0";"0";"0";"0";"0";"2";"177";"0";"9";"0";"5";"0";"0";"1";"0";"0";"61";"0";"3";
"0";"0";"0";"0";"0";"0";"1";"2";"45";"36";"6";"4";"7";"0";"0";"0";"0";"0";"4";"0";"2";
"0";"0";"0";"0";"0";"0";"0";"0";"172";"23";"8";"2";"2";"0";"0";"0";"0";"0";"48";"5";"3";
"0";"0";"0";"0";"0";"0";"0";"1";"12";"15";"5";"1";"2";"0";"0";"0";"0";"0";"5";"2";"1";
"0";"0";"0";"0";"0";"0";"0";"1";"151";"16";"4";"1";"3";"0";"0";"0";"0";"0";"43";"3";"1";
"0";"0";"0";"0";"0";"0";"0";"1";"174";"11";"7";"1";"4";"0";"0";"0";"0";"0";"49";"1";"2";
"0";"0";"0";"0";"0";"0";"0";"1";"34";"14";"5";"3";"1";"0";"0";"0";"0";"0";"4";"2";"2";
"0";"0";"0";"0";"0";"0";"0";"3";"35";"35";"4";"2";"5";"0";"0";"0";"0";"1";"9";"3";"1";
"0";"0";"0";"0";"0";"0";"0";"1";"1";"8";"5";"2";"5";"0";"0";"0";"0";"0";"0";"0";"2";
"0";"0";"0";"0";"0";"0";"0";"1";"116";"17";"2";"3";"2";"0";"0";"0";"0";"0";"31";"1";"1";
"0";"0";"0";"1";"0";"0";"0";"0";"141";"0";"3";"1";"1";"0";"0";"1";"0";"0";"28";"0";"1";
"0";"0";"0";"0";"0";"0";"0";"1";"94";"2";"1";"0";"5";"0";"0";"0";"0";"0";"28";"0";"0";
"0";"0";"0";"0";"0";"0";"0";"1";"34";"8";"2";"2";"5";"0";"0";"0";"0";"0";"12";"0";"1";
"0";"0";"0";"0";"0";"0";"1";"2";"121";"36";"6";"2";"7";"0";"0";"0";"0";"0";"27";"0";"2";
"0";"0";"0";"0";"0";"0";"0";"0";"110";"59";"6";"5";"4";"0";"0";"0";"0";"0";"22";"0";"2";
"0";"0";"0";"0";"0";"0";"0";"1";"16";"30";"8";"1";"6";"0";"0";"0";"0";"0";"6";"2";"2";
"0";"0";"0";"0";"0";"0";"0";"1";"55";"22";"3";"1";"7";"0";"0";"0";"0";"0";"15";"3";"1";
"0";"0";"0";"0";"0";"0";"0";"1";"3";"33";"8";"3";"1";"0";"0";"0";"0";"0";"1";"2";"2";
"0";"0";"0";"0";"0";"0";"0";"2";"76";"11";"9";"2";"5";"0";"0";"0";"1";"0";"12";"2";"3";
"0";"0";"0";"0";"0";"0";"0";"1";"134";"25";"3";"4";"2";"0";"0";"0";"0";"0";"25";"3";"1";
"0";"0";"0";"0";"0";"1";"0";"1";"118";"7";"3";"2";"3";"0";"0";"0";"0";"0";"33";"0";"1";
"0";"0";"0";"0";"0";"0";"0";"1";"39";"24";"1";"1";"6";"0";"0";"0";"0";"0";"5";"1";"0";
"0";"0";"0";"0";"0";"0";"0";"2";"9";"38";"7";"1";"5";"0";"0";"0";"0";"1";"3";"3";"2";
"0";"0";"0";"0";"0";"0";"0";"1";"262";"49";"5";"2";"6";"0";"0";"0";"0";"0";"77";"4";"2";
"0";"0";"0";"0";"0";"0";"0";"1";"139";"4";"2";"1";"7";"0";"0";"0";"0";"0";"36";"1";"1";
"0";"0";"0";"0";"0";"0";"0";"1";"118";"11";"1";"1";"1";"0";"0";"0";"0";"0";"33";"0";"0";
"0";"0";"0";"0";"0";"0";"0";"1";"97";"1";"3";"2";"1";"0";"0";"0";"0";"0";"29";"0";"1";
"0";"0";"0";"0";"0";"0";"0";"1";"330";"8";"7";"5";"6";"0";"0";"0";"0";"0";"36";"0";"3";
"0";"0";"0";"0";"0";"0";"0";"1";"54";"50";"6";"3";"3";"0";"0";"0";"0";"0";"7";"9";"2";
"0";"0";"0";"0";"1";"0";"0";"1";"36";"49";"5";"2";"6";"0";"0";"0";"0";"0";"2";"4";"2";
"0";"0";"0";"0";"0";"0";"0";"2";"319";"13";"10";"2";"1";"0";"0";"0";"0";"0";"55";"3";"3";
"0";"0";"0";"0";"0";"0";"0";"1";"46";"44";"4";"2";"4";"0";"0";"0";"0";"0";"12";"9";"1";
"0";"0";"0";"0";"0";"0";"0";"1";"45";"36";"3";"1";"4";"0";"0";"0";"0";"0";"12";"2";"1";
"0";"0";"0";"0";"0";"0";"0";"0";"10";"2";"3";"1";"6";"0";"0";"0";"0";"0";"4";"0";"1";
"0";"0";"0";"0";"0";"0";"0";"1";"56";"33";"5";"0";"5";"0";"0";"0";"0";"0";"11";"5";"1";
"0";"0";"0";"0";"0";"0";"0";"0";"283";"54";"9";"1";"1";"0";"0";"0";"0";"0";"102";"2";"2";
"0";"0";"0";"0";"0";"0";"0";"0";"248";"18";"4";"1";"4";"0";"0";"0";"0";"0";"66";"1";"1";
"0";"0";"0";"0";"0";"0";"0";"1";"126";"5";"5";"1";"1";"0";"0";"0";"0";"0";"31";"0";"1";
"0";"0";"0";"0";"0";"0";"0";"0";"27";"7";"1";"0";"1";"0";"0";"0";"0";"0";"3";"1";"0";
"0";"0";"0";"0";"0";"0";"0";"2";"102";"0";"3";"1";"5";"0";"0";"1";"0";"0";"17";"0";"0";
"0";"0";"0";"0";"0";"0";"0";"1";"202";"21";"3";"1";"4";"0";"1";"0";"0";"0";"69";"4";"1";
"0";"0";"0";"0";"0";"0";"0";"0";"22";"40";"5";"2";"5";"0";"0";"0";"0";"0";"7";"6";"2";
"0";"0";"0";"0";"0";"0";"0";"1";"8";"0";"4";"2";"3";"0";"0";"1";"0";"0";"1";"0";"2";
"0";"0";"0";"0";"0";"0";"0";"1";"49";"0";"5";"2";"5";"0";"0";"1";"0";"0";"16";"0";"1";
"0";"0";"0";"0";"0";"0";"0";"1";"340";"27";"4";"2";"2";"0";"0";"0";"0";"0";"81";"4";"1";
"0";"0";"0";"0";"0";"0";"0";"1";"104";"22";"2";"2";"2";"0";"0";"0";"0";"0";"25";"2";"1";
"0";"0";"0";"0";"0";"0";"0";"1";"77";"19";"3";"0";"6";"0";"1";"0";"0";"0";"11";"2";"1";
"1";"1";"0";"0";"0";"0";"0";"1";"139";"5";"1";"2";"7";"0";"0";"0";"0";"0";"36";"0";"0";
"0";"0";"0";"0";"0";"0";"0";"1";"101";"40";"4";"0";"1";"0";"0";"0";"0";"0";"15";"3";"1";
"0";"0";"0";"0";"0";"0";"0";"0";"122";"47";"6";"2";"1";"0";"0";"0";"0";"0";"31";"11";"2";
"0";"0";"0";"0";"0";"0";"0";"0";"33";"23";"5";"2";"5";"0";"0";"0";"0";"0";"5";"3";"2";
"0";"0";"0";"0";"0";"0";"0";"2";"46";"6";"5";"1";"5";"0";"0";"0";"0";"0";"6";"1";"1";
"0";"0";"0";"0";"0";"0";"0";"1";"390";"50";"6";"1";"3";"0";"0";"0";"0";"0";"109";"9";"2";
"0";"0";"0";"0";"0";"0";"0";"1";"353";"48";"4";"1";"4";"0";"0";"0";"0";"0";"93";"11";"1";
"0";"0";"0";"0";"0";"0";"0";"1";"21";"26";"2";"1";"4";"0";"1";"0";"0";"0";"5";"2";"0";
"0";"0";"0";"0";"0";"0";"0";"1";"121";"5";"1";"1";"4";"0";"0";"0";"0";"0";"36";"0";"0";
"0";"0";"0";"0";"0";"0";"0";"1";"36";"6";"3";"0";"4";"0";"0";"0";"0";"0";"12";"0";"1";
"0";"0";"0";"0";"0";"0";"0";"1";"43";"49";"6";"1";"1";"0";"0";"0";"0";"0";"8";"7";"2";
"0";"0";"0";"0";"0";"0";"0";"1";"35";"12";"4";"2";"5";"0";"0";"0";"0";"0";"9";"1";"1";
"0";"0";"0";"0";"0";"0";"0";"1";"44";"0";"4";"2";"1";"0";"0";"1";"0";"0";"8";"0";"1";
"0";"0";"0";"0";"0";"0";"0";"1";"34";"23";"4";"1";"2";"0";"0";"0";"0";"0";"12";"3";"1";
"0";"0";"0";"0";"0";"0";"0";"0";"38";"13";"10";"2";"3";"0";"0";"0";"0";"0";"5";"2";"3";
"0";"0";"0";"0";"0";"0";"0";"1";"130";"13";"3";"2";"3";"0";"0";"0";"0";"0";"21";"2";"1";
"0";"0";"0";"1";"0";"1";"0";"0";"78";"25";"2";"2";"3";"0";"1";"0";"0";"0";"18";"2";"1";
"0";"0";"0";"1";"0";"0";"0";"0";"166";"0";"3";"2";"1";"0";"0";"1";"0";"0";"53";"0";"1";
"0";"0";"0";"0";"0";"0";"0";"2";"128";"32";"3";"2";"4";"0";"0";"0";"0";"0";"27";"4";"1";
"0";"0";"0";"0";"0";"0";"0";"0";"22";"3";"2";"1";"2";"0";"0";"0";"0";"0";"4";"0";"0";
"0";"0";"0";"0";"0";"0";"0";"1";"346";"45";"2";"1";"7";"0";"0";"0";"0";"0";"34";"5";"1";
"0";"0";"0";"0";"0";"0";"0";"1";"103";"24";"1";"2";"5";"0";"0";"0";"0";"0";"28";"3";"0";
"0";"0";"0";"0";"0";"0";"0";"1";"9";"17";"1";"2";"7";"0";"0";"0";"0";"0";"3";"0";"0";
"0";"0";"0";"0";"0";"0";"0";"0";"37";"45";"4";"0";"2";"0";"0";"0";"0";"0";"8";"8";"1";
"0";"0";"0";"0";"0";"0";"0";"3";"13";"43";"7";"1";"6";"0";"0";"0";"0";"1";"3";"4";"2";
"0";"0";"0";"0";"0";"0";"0";"1";"121";"0";"3";"1";"3";"0";"0";"1";"0";"0";"10";"0";"1";
"0";"0";"0";"0";"0";"0";"0";"1";"36";"49";"3";"0";"4";"0";"0";"0";"0";"0";"12";"7";"1";
"0";"0";"0";"0";"0";"0";"0";"1";"83";"48";"8";"1";"1";"0";"0";"0";"0";"0";"13";"10";"3";
"0";"0";"0";"0";"0";"0";"0";"1";"53";"9";"4";"1";"1";"0";"0";"0";"0";"0";"14";"2";"1";
"0";"0";"0";"0";"0";"0";"0";"1";"33";"12";"6";"0";"6";"0";"0";"0";"0";"0";"5";"1";"2";
"0";"0";"0";"0";"0";"0";"0";"1";"38";"8";"3";"1";"5";"0";"0";"0";"0";"0";"7";"0";"1";
"0";"0";"0";"0";"0";"0";"0";"1";"4";"6";"2";"1";"2";"0";"0";"0";"0";"0";"1";"1";"1";
"0";"0";"0";"0";"0";"0";"0";"1";"93";"13";"3";"2";"3";"0";"0";"0";"0";"0";"33";"2";"1";
"0";"0";"0";"0";"0";"0";"0";"1";"213";"14";"3";"2";"4";"0";"0";"0";"0";"0";"58";"1";"1";
"0";"0";"0";"0";"0";"0";"0";"1";"18";"9";"6";"2";"1";"0";"1";"0";"0";"0";"6";"1";"2";
"0";"0";"0";"0";"0";"0";"0";"0";"78";"7";"4";"0";"3";"0";"1";"0";"0";"0";"18";"0";"1";
"0";"0";"0";"0";"0";"0";"0";"1";"79";"13";"5";"1";"4";"0";"0";"0";"0";"0";"19";"1";"1";
"0";"0";"0";"0";"0";"0";"0";"0";"55";"22";"5";"3";"2";"0";"0";"0";"0";"0";"15";"3";"2";
"0";"0";"0";"0";"0";"0";"0";"1";"44";"1";"3";"2";"1";"0";"0";"0";"0";"0";"9";"0";"1";
"0";"0";"0";"0";"0";"0";"0";"1";"147";"23";"5";"2";"4";"0";"0";"0";"0";"0";"34";"2";"2";
"0";"0";"0";"0";"0";"0";"0";"2";"134";"18";"6";"2";"2";"0";"0";"0";"0";"0";"29";"2";"2";
"0";"0";"0";"0";"0";"0";"0";"1";"76";"17";"1";"1";"7";"0";"0";"0";"0";"0";"15";"0";"0";
"0";"0";"0";"0";"0";"0";"0";"0";"6";"7";"7";"2";"4";"0";"0";"0";"0";"0";"2";"2";"2";
"0";"0";"0";"0";"0";"0";"0";"1";"38";"25";"3";"3";"2";"0";"0";"0";"0";"0";"5";"3";"1";
"0";"0";"0";"0";"0";"0";"0";"0";"26";"46";"7";"1";"1";"0";"0";"0";"0";"0";"7";"4";"2";
"0";"0";"0";"0";"0";"0";"0";"0";"90";"52";"7";"1";"3";"0";"0";"0";"0";"0";"19";"6";"2";
"0";"0";"0";"0";"0";"0";"0";"1";"191";"15";"4";"4";"3";"0";"0";"0";"0";"0";"41";"0";"1";
"0";"0";"0";"0";"0";"0";"0";"1";"75";"16";"6";"3";"6";"0";"0";"0";"0";"0";"16";"1";"1";
"0";"0";"0";"0";"0";"0";"0";"0";"4";"0";"3";"0";"2";"0";"0";"1";"0";"0";"1";"0";"1";
"0";"0";"0";"0";"0";"0";"0";"1";"110";"6";"2";"1";"5";"0";"0";"0";"0";"0";"22";"1";"1";
"0";"0";"0";"0";"0";"0";"0";"1";"128";"4";"5";"1";"2";"0";"0";"0";"0";"0";"27";"1";"2";
"0";"0";"0";"0";"0";"0";"0";"0";"26";"21";"8";"2";"4";"0";"0";"0";"0";"0";"8";"2";"3";
"0";"0";"0";"0";"0";"0";"0";"1";"135";"9";"6";"2";"4";"0";"0";"0";"0";"0";"39";"0";"2";
"0";"0";"0";"0";"0";"0";"0";"0";"26";"4";"2";"3";"2";"0";"0";"0";"0";"0";"7";"0";"1";
"0";"0";"0";"0";"0";"0";"0";"0";"427";"22";"5";"2";"2";"0";"0";"0";"0";"0";"58";"3";"2";
"0";"0";"0";"0";"0";"0";"0";"1";"152";"43";"6";"4";"1";"0";"0";"0";"0";"0";"34";"5";"2";
"0";"0";"0";"0";"0";"0";"0";"3";"82";"43";"7";"1";"6";"0";"0";"0";"0";"1";"22";"4";"2";
"0";"0";"0";"0";"0";"0";"0";"1";"23";"25";"8";"1";"1";"0";"0";"0";"0";"0";"2";"3";"3";
"0";"0";"0";"0";"0";"0";"0";"3";"330";"30";"5";"0";"4";"0";"0";"0";"0";"1";"36";"2";"1";
"0";"0";"0";"0";"0";"0";"0";"1";"54";"0";"6";"1";"1";"0";"0";"1";"0";"0";"11";"0";"2";
"0";"0";"0";"0";"0";"0";"0";"1";"32";"46";"2";"2";"1";"0";"0";"0";"0";"0";"5";"6";"1";
"0";"0";"0";"0";"0";"0";"0";"1";"14";"46";"6";"2";"3";"0";"0";"0";"0";"0";"5";"7";"2";
"0";"0";"0";"0";"0";"0";"0";"1";"74";"12";"3";"1";"7";"0";"0";"0";"0";"0";"18";"2";"1";
"0";"0";"0";"0";"0";"0";"0";"1";"10";"0";"0";"0";"5";"0";"0";"0";"0";"0";"3";"0";"0";
"0";"0";"0";"0";"0";"0";"0";"0";"191";"3";"6";"3";"1";"0";"0";"0";"0";"0";"41";"1";"2";
"0";"0";"0";"0";"0";"0";"0";"1";"43";"44";"4";"3";"4";"0";"0";"0";"0";"0";"7";"9";"1";
"0";"0";"0";"0";"0";"0";"0";"1";"121";"51";"4";"1";"7";"0";"0";"0";"0";"0";"28";"5";"2";
"0";"0";"0";"0";"0";"0";"0";"1";"13";"36";"4";"2";"5";"0";"0";"0";"0";"0";"4";"4";"1";
"0";"0";"0";"0";"0";"0";"0";"1";"82";"12";"4";"2";"4";"0";"0";"0";"0";"0";"20";"2";"1";
"0";"0";"0";"0";"0";"0";"0";"1";"23";"10";"4";"1";"3";"0";"0";"0";"0";"0";"2";"1";"1";
"0";"0";"0";"0";"0";"0";"0";"1";"86";"18";"3";"3";"4";"0";"0";"0";"0";"0";"15";"2";"1";
"0";"0";"0";"0";"0";"0";"0";"1";"34";"9";"6";"2";"4";"0";"0";"0";"0";"0";"12";"0";"2";
"0";"0";"0";"0";"0";"0";"0";"1";"35";"15";"7";"2";"4";"0";"0";"0";"0";"0";"9";"2";"2";
"0";"0";"0";"0";"0";"0";"0";"1";"95";"29";"5";"1";"2";"0";"0";"0";"0";"0";"28";"3";"1";
"0";"0";"0";"0";"0";"0";"0";"1";"9";"8";"4";"2";"1";"0";"0";"0";"0";"0";"3";"1";"1";
"0";"0";"0";"0";"0";"0";"0";"1";"23";"4";"1";"2";"2";"0";"0";"0";"0";"0";"2";"0";"0";
"0";"0";"0";"0";"0";"0";"0";"1";"63";"7";"9";"1";"5";"0";"0";"0";"0";"0";"20";"1";"3";
"0";"0";"0";"0";"0";"0";"0";"1";"71";"6";"3";"3";"4";"0";"0";"0";"0";"0";"13";"0";"1";
"0";"0";"0";"0";"0";"0";"0";"0";"8";"3";"2";"3";"2";"0";"0";"0";"0";"0";"1";"0";"0";
"0";"0";"0";"0";"0";"0";"0";"0";"90";"43";"4";"2";"3";"0";"0";"0";"0";"0";"24";"4";"1";
"0";"0";"0";"0";"0";"0";"0";"0";"24";"33";"3";"1";"3";"0";"0";"0";"0";"0";"2";"5";"1";
"0";"0";"0";"0";"0";"0";"0";"1";"63";"56";"4";"2";"2";"0";"1";"0";"1";"0";"7";"3";"1";
"0";"0";"0";"0";"0";"0";"0";"1";"113";"7";"9";"3";"5";"0";"0";"0";"0";"0";"32";"1";"3";
"0";"0";"0";"0";"0";"0";"0";"1";"26";"33";"4";"1";"7";"0";"0";"0";"0";"0";"8";"3";"1";
"0";"0";"0";"0";"0";"0";"0";"1";"71";"51";"6";"1";"2";"0";"0";"0";"0";"0";"15";"9";"2";
"1";"1";"0";"0";"0";"0";"0";"1";"73";"5";"1";"2";"7";"0";"0";"0";"0";"0";"19";"0";"0";
"1";"0";"0";"0";"0";"0";"0";"0";"46";"45";"5";"4";"1";"0";"0";"0";"0";"0";"7";"9";"2";
"0";"0";"0";"0";"0";"0";"0";"1";"108";"2";"2";"3";"4";"0";"0";"0";"0";"0";"26";"0";"0";
"0";"0";"0";"0";"0";"0";"0";"0";"57";"6";"3";"2";"4";"0";"0";"0";"0";"0";"11";"0";"1";
"0";"0";"0";"0";"0";"0";"0";"0";"22";"0";"6";"2";"6";"0";"0";"1";"0";"0";"3";"0";"2";
"0";"0";"0";"0";"0";"0";"0";"1";"51";"25";"8";"3";"1";"0";"0";"0";"0";"0";"10";"3";"3";
"0";"0";"0";"0";"0";"0";"0";"2";"158";"52";"9";"2";"2";"0";"1";"0";"0";"0";"45";"5";"3";
"0";"0";"0";"0";"0";"0";"0";"1";"73";"50";"5";"2";"2";"0";"0";"0";"0";"0";"19";"6";"1";
"0";"0";"0";"0";"0";"0";"0";"1";"130";"9";"2";"2";"4";"0";"0";"0";"0";"0";"27";"0";"1";
"0";"0";"0";"0";"0";"0";"0";"0";"36";"13";"2";"3";"5";"0";"0";"0";"0";"0";"6";"1";"1";
"0";"0";"0";"0";"0";"0";"0";"0";"201";"41";"9";"1";"7";"0";"1";"0";"0";"0";"57";"7";"3";
"0";"0";"0";"0";"0";"0";"0";"0";"265";"48";"2";"2";"2";"0";"0";"0";"0";"0";"73";"8";"1";
"0";"0";"0";"0";"0";"0";"0";"1";"39";"17";"9";"3";"4";"0";"0";"0";"0";"0";"7";"2";"3";
"0";"0";"0";"0";"0";"0";"0";"3";"62";"42";"5";"2";"4";"0";"0";"0";"0";"1";"6";"3";"2";
"0";"0";"0";"0";"0";"0";"0";"1";"8";"50";"5";"1";"2";"0";"0";"0";"0";"0";"2";"6";"1";
"0";"0";"0";"0";"0";"0";"0";"3";"105";"43";"8";"3";"4";"0";"0";"0";"0";"1";"19";"3";"3";
"0";"0";"0";"0";"0";"0";"0";"3";"129";"7";"4";"2";"2";"0";"0";"0";"0";"1";"25";"1";"1";
"0";"0";"0";"0";"0";"0";"0";"0";"79";"11";"5";"3";"2";"0";"0";"0";"0";"0";"10";"1";"1";
"0";"0";"0";"0";"0";"0";"0";"2";"38";"40";"3";"2";"4";"0";"0";"0";"0";"0";"9";"5";"1";
"0";"0";"0";"0";"0";"0";"0";"1";"44";"43";"2";"1";"2";"0";"0";"0";"0";"0";"8";"3";"1";
"0";"0";"0";"0";"0";"0";"0";"2";"88";"17";"6";"1";"4";"0";"0";"0";"0";"0";"10";"2";"2";
"0";"0";"0";"0";"0";"0";"0";"0";"159";"0";"9";"4";"3";"0";"0";"1";"0";"0";"36";"0";"3";
"0";"0";"0";"0";"0";"0";"0";"1";"19";"51";"2";"0";"2";"0";"1";"0";"0";"0";"5";"7";"0";
"0";"0";"0";"0";"0";"0";"0";"0";"338";"56";"7";"3";"1";"0";"0";"0";"0";"0";"42";"3";"2";
"0";"0";"0";"0";"0";"0";"0";"1";"41";"46";"5";"1";"2";"0";"0";"0";"0";"0";"4";"10";"1";
"0";"0";"0";"0";"0";"0";"0";"1";"4";"50";"10";"1";"2";"0";"0";"0";"0";"0";"1";"7";"3";
"0";"0";"0";"0";"0";"0";"0";"2";"12";"32";"3";"1";"4";"0";"0";"0";"0";"0";"3";"4";"1";
"0";"0";"0";"0";"0";"0";"0";"1";"47";"46";"4";"1";"5";"0";"0";"0";"0";"0";"6";"10";"1";
"0";"0";"0";"0";"0";"0";"0";"0";"130";"52";"7";"2";"3";"0";"0";"0";"0";"0";"45";"6";"2";
"0";"0";"0";"0";"0";"0";"0";"1";"135";"9";"6";"1";"4";"0";"0";"1";"1";"0";"36";"0";"2";
"0";"0";"0";"0";"0";"0";"0";"0";"51";"50";"4";"3";"5";"0";"0";"0";"0";"0";"7";"8";"1";
"0";"0";"0";"0";"0";"0";"0";"1";"33";"49";"7";"3";"4";"0";"0";"0";"0";"0";"10";"15";"2";
"0";"0";"0";"0";"0";"0";"0";"0";"30";"22";"5";"1";"2";"0";"0";"0";"0";"0";"7";"3";"2";
"0";"0";"0";"0";"0";"0";"0";"1";"20";"5";"3";"2";"5";"0";"0";"0";"0";"0";"3";"0";"1";
"0";"0";"0";"0";"0";"0";"0";"1";"152";"53";"5";"2";"2";"0";"0";"0";"0";"0";"34";"8";"1";
"0";"0";"0";"0";"0";"0";"0";"0";"130";"5";"3";"0";"7";"0";"0";"0";"0";"0";"21";"0";"1";
"0";"0";"0";"0";"0";"0";"0";"0";"62";"4";"5";"2";"4";"0";"0";"0";"0";"0";"6";"0";"2";
"0";"0";"0";"0";"0";"0";"0";"1";"116";"47";"2";"1";"2";"0";"0";"0";"0";"0";"23";"8";"1";
"0";"0";"0";"0";"0";"0";"0";"1";"138";"0";"6";"2";"5";"0";"0";"1";"0";"0";"40";"0";"2";
"0";"0";"0";"0";"0";"0";"0";"1";"129";"10";"3";"2";"3";"0";"0";"0";"0";"0";"25";"0";"1";
"0";"0";"0";"0";"0";"0";"0";"0";"130";"14";"3";"1";"2";"0";"0";"0";"0";"0";"41";"0";"1";
"0";"0";"0";"0";"0";"0";"0";"1";"164";"46";"6";"2";"3";"0";"0";"0";"0";"0";"33";"7";"2";
"0";"0";"0";"0";"0";"0";"0";"1";"162";"24";"1";"2";"5";"0";"0";"0";"0";"0";"23";"3";"0";
"0";"0";"0";"0";"0";"0";"0";"2";"47";"17";"6";"5";"4";"0";"0";"0";"0";"0";"14";"2";"2";
"0";"0";"0";"0";"0";"0";"0";"1";"44";"22";"4";"2";"4";"0";"0";"0";"0";"0";"2";"0";"2";
"0";"0";"0";"0";"0";"0";"0";"3";"95";"23";"2";"2";"4";"0";"0";"0";"0";"1";"26";"2";"1";
"0";"0";"0";"0";"0";"0";"0";"0";"57";"56";"7";"3";"1";"0";"0";"0";"0";"0";"11";"3";"2";
"0";"0";"0";"0";"0";"1";"0";"1";"26";"26";"7";"2";"2";"0";"0";"0";"0";"0";"8";"2";"2";
"0";"0";"0";"0";"0";"0";"0";"0";"13";"48";"5";"3";"2";"0";"0";"0";"0";"0";"3";"9";"2";
"0";"0";"0";"0";"0";"0";"0";"1";"134";"51";"7";"2";"5";"0";"0";"0";"0";"0";"29";"6";"2";
"0";"0";"0";"0";"0";"0";"0";"1";"338";"51";"8";"0";"4";"0";"0";"0";"0";"0";"42";"5";"2";
"0";"0";"0";"0";"0";"0";"0";"1";"156";"1";"1";"1";"3";"0";"0";"0";"0";"0";"42";"0";"0";
"0";"0";"0";"0";"0";"0";"0";"1";"37";"50";"7";"1";"2";"0";"0";"0";"0";"0";"7";"8";"2";
"0";"0";"0";"0";"0";"0";"0";"2";"37";"37";"3";"2";"3";"0";"0";"0";"0";"0";"11";"5";"1";
"0";"0";"0";"0";"0";"0";"0";"1";"34";"25";"8";"2";"1";"0";"0";"0";"0";"0";"9";"3";"3";
"0";"0";"0";"0";"0";"0";"0";"0";"181";"7";"4";"0";"5";"0";"0";"0";"0";"0";"34";"0";"1";
"0";"0";"0";"0";"0";"0";"0";"1";"224";"15";"4";"3";"3";"0";"0";"0";"0";"0";"29";"0";"1";
"0";"0";"0";"0";"0";"0";"0";"0";"130";"50";"4";"2";"5";"0";"0";"0";"0";"0";"45";"8";"1";
"0";"0";"0";"0";"0";"0";"0";"2";"99";"30";"4";"1";"1";"0";"0";"0";"0";"0";"15";"3";"1";
"0";"0";"0";"0";"0";"1";"0";"1";"2";"13";"8";"3";"5";"0";"0";"0";"0";"0";"0";"2";"3";
"0";"0";"0";"0";"0";"0";"0";"0";"48";"15";"6";"1";"2";"0";"0";"0";"0";"0";"4";"2";"2";
"0";"0";"0";"0";"0";"0";"0";"1";"347";"6";"6";"3";"5";"0";"0";"0";"0";"0";"104";"0";"2";
"0";"0";"0";"0";"0";"0";"0";"1";"159";"39";"5";"3";"5";"0";"0";"0";"0";"0";"36";"5";"2";
"0";"0";"0";"0";"0";"0";"0";"1";"57";"19";"3";"1";"4";"0";"0";"0";"0";"0";"11";"2";"1";
"0";"0";"0";"0";"0";"0";"0";"0";"42";"5";"3";"2";"7";"0";"0";"0";"0";"0";"7";"0";"1";
"0";"0";"0";"0";"0";"0";"0";"1";"194";"42";"4";"1";"1";"0";"0";"0";"0";"0";"27";"7";"1";
"0";"0";"0";"0";"0";"0";"0";"1";"340";"2";"2";"3";"4";"0";"0";"0";"0";"0";"109";"0";"1";
"0";"0";"0";"0";"0";"0";"0";"1";"183";"48";"4";"2";"1";"0";"0";"0";"0";"0";"51";"9";"1";
"0";"0";"0";"0";"0";"0";"0";"0";"88";"13";"6";"2";"1";"0";"0";"0";"0";"0";"10";"1";"2";
"0";"0";"0";"0";"0";"0";"0";"0";"21";"52";"7";"2";"3";"0";"0";"0";"0";"0";"4";"6";"2";
"0";"0";"0";"0";"0";"0";"0";"2";"95";"37";"3";"1";"3";"0";"0";"0";"0";"0";"26";"5";"1";
"1";"0";"0";"0";"0";"0";"0";"1";"129";"26";"6";"3";"3";"0";"0";"0";"0";"0";"24";"5";"2";
"0";"0";"0";"0";"0";"0";"0";"1";"95";"42";"3";"1";"5";"0";"0";"0";"1";"0";"25";"3";"1";
"0";"0";"0";"0";"0";"0";"0";"1";"183";"52";"5";"1";"4";"0";"0";"0";"0";"0";"51";"6";"2";
"0";"0";"0";"0";"0";"0";"0";"1";"105";"27";"5";"1";"2";"0";"0";"0";"0";"0";"19";"4";"1";
"0";"0";"0";"0";"0";"0";"0";"1";"222";"46";"4";"1";"5";"0";"0";"0";"0";"0";"59";"10";"1";
"0";"0";"0";"0";"0";"0";"0";"2";"100";"51";"5";"2";"1";"0";"0";"0";"0";"0";"21";"6";"1";
"0";"0";"0";"0";"0";"0";"0";"1";"324";"50";"7";"2";"2";"0";"0";"0";"0";"0";"80";"8";"2";
"0";"0";"0";"0";"0";"0";"0";"2";"73";"46";"5";"1";"3";"0";"0";"0";"0";"1";"14";"3";"1";
"0";"0";"0";"0";"0";"0";"0";"1";"102";"9";"4";"1";"3";"0";"0";"0";"0";"0";"8";"1";"1";
"0";"0";"0";"0";"0";"0";"0";"0";"101";"0";"2";"1";"5";"0";"1";"1";"0";"0";"29";"0";"0";
"0";"0";"0";"0";"0";"0";"0";"1";"17";"29";"3";"1";"4";"0";"0";"0";"0";"0";"5";"3";"1";
"0";"0";"0";"0";"0";"0";"0";"1";"92";"27";"5";"1";"2";"0";"0";"0";"0";"0";"31";"4";"1";
"0";"0";"0";"0";"0";"0";"0";"1";"105";"51";"2";"1";"2";"0";"0";"0";"0";"0";"19";"7";"0";
"0";"0";"0";"0";"0";"0";"0";"1";"197";"35";"3";"1";"2";"0";"0";"0";"0";"0";"23";"3";"1";
"0";"0";"0";"0";"0";"0";"0";"1";"38";"51";"4";"1";"1";"0";"0";"0";"0";"0";"6";"7";"1";
"0";"0";"0";"0";"0";"0";"0";"1";"34";"54";"3";"1";"4";"0";"0";"0";"0";"0";"10";"4";"1";
"0";"0";"0";"0";"0";"0";"0";"1";"1";"38";"5";"1";"2";"0";"0";"1";"0";"0";"0";"4";"1";
"0";"0";"0";"0";"0";"0";"0";"3";"37";"6";"3";"3";"4";"0";"0";"0";"0";"1";"11";"1";"0";
"0";"0";"0";"0";"0";"0";"0";"1";"23";"40";"6";"2";"1";"0";"0";"0";"0";"0";"6";"7";"2";
"0";"0";"0";"0";"0";"0";"0";"1";"46";"10";"1";"2";"7";"0";"0";"0";"0";"0";"13";"1";"0";
"0";"0";"0";"0";"0";"0";"0";"0";"79";"0";"2";"2";"3";"0";"0";"1";"0";"0";"21";"0";"0";
"0";"0";"0";"0";"0";"0";"0";"1";"17";"51";"2";"3";"2";"0";"0";"0";"0";"0";"5";"7";"0";
"0";"0";"0";"0";"0";"0";"0";"0";"35";"46";"7";"2";"2";"0";"0";"0";"0";"0";"5";"10";"2";
"0";"0";"0";"0";"0";"0";"0";"1";"36";"47";"7";"2";"4";"0";"0";"0";"0";"0";"4";"9";"2";
"0";"0";"0";"0";"0";"0";"0";"0";"30";"38";"6";"0";"4";"0";"0";"0";"0";"0";"7";"6";"2";
"0";"0";"0";"0";"0";"0";"1";"1";"13";"0";"3";"2";"1";"0";"0";"1";"0";"0";"3";"0";"1";
"0";"0";"0";"0";"0";"0";"0";"0";"346";"15";"6";"4";"2";"0";"0";"0";"0";"0";"34";"2";"2";
"0";"0";"0";"0";"0";"0";"0";"0";"155";"13";"5";"3";"4";"0";"0";"0";"0";"0";"33";"2";"1";
"0";"0";"0";"0";"0";"0";"0";"1";"50";"51";"8";"2";"4";"0";"0";"0";"0";"0";"11";"5";"2";
"0";"0";"0";"0";"0";"0";"0";"1";"35";"46";"3";"0";"2";"0";"1";"0";"0";"0";"6";"6";"1";
"0";"0";"0";"0";"0";"0";"0";"1";"160";"19";"8";"1";"3";"0";"0";"0";"0";"0";"43";"2";"2";
"0";"0";"0";"0";"0";"0";"0";"1";"38";"8";"7";"2";"5";"0";"0";"0";"0";"0";"6";"1";"2";
"0";"0";"0";"0";"0";"0";"0";"1";"34";"0";"5";"2";"5";"0";"0";"1";"0";"0";"6";"0";"1";
"0";"0";"0";"0";"0";"0";"0";"1";"52";"23";"5";"1";"4";"0";"0";"0";"0";"0";"8";"1";"2";
"0";"0";"0";"0";"0";"0";"0";"0";"16";"7";"4";"2";"5";"0";"0";"0";"0";"0";"3";"0";"1";
"0";"0";"0";"0";"0";"0";"0";"1";"148";"49";"3";"3";"4";"0";"0";"0";"0";"0";"40";"7";"1";
"0";"0";"0";"0";"0";"0";"0";"3";"44";"56";"7";"1";"2";"0";"0";"0";"0";"1";"14";"4";"2";
"0";"0";"0";"0";"0";"0";"0";"1";"180";"18";"7";"2";"5";"0";"0";"0";"0";"0";"50";"2";"2";
"0";"0";"0";"0";"0";"0";"0";"1";"16";"11";"1";"1";"1";"0";"0";"0";"0";"0";"3";"1";"0";
"0";"0";"0";"0";"0";"0";"0";"0";"72";"7";"4";"1";"2";"0";"0";"0";"0";"0";"13";"2";"1";
"0";"0";"0";"0";"0";"0";"0";"1";"128";"47";"7";"2";"4";"0";"1";"0";"0";"0";"33";"9";"2";
"0";"0";"0";"0";"0";"0";"0";"1";"83";"38";"5";"1";"7";"0";"0";"0";"0";"0";"14";"6";"2";
"0";"0";"0";"0";"0";"0";"0";"2";"228";"17";"3";"1";"3";"0";"0";"0";"0";"0";"70";"1";"1";
"0";"0";"0";"0";"0";"0";"0";"1";"64";"5";"3";"2";"4";"0";"0";"0";"0";"0";"17";"0";"1";
"0";"0";"0";"0";"0";"0";"0";"1";"86";"37";"2";"2";"3";"0";"0";"0";"0";"0";"15";"7";"1";
"0";"0";"0";"0";"0";"0";"0";"1";"47";"25";"4";"2";"7";"0";"0";"0";"0";"0";"6";"1";"1";
"0";"0";"0";"0";"0";"0";"0";"2";"18";"40";"6";"3";"3";"0";"1";"0";"0";"0";"2";"5";"2";
"0";"0";"0";"0";"0";"0";"0";"1";"59";"10";"1";"2";"6";"0";"0";"0";"0";"0";"4";"0";"0";
"0";"0";"0";"0";"0";"0";"0";"1";"139";"40";"1";"2";"3";"0";"0";"0";"0";"0";"33";"5";"0";
"0";"0";"0";"0";"0";"0";"0";"1";"50";"44";"5";"1";"1";"0";"0";"0";"0";"0";"7";"2";"2";
"0";"0";"0";"0";"0";"0";"0";"0";"75";"5";"4";"2";"5";"0";"0";"0";"0";"0";"17";"1";"1";
"0";"0";"0";"0";"0";"0";"0";"1";"96";"49";"7";"2";"5";"0";"0";"0";"0";"0";"28";"6";"3";
"0";"0";"0";"0";"0";"0";"0";"0";"16";"50";"7";"1";"3";"0";"0";"0";"0";"0";"3";"15";"3";
"0";"0";"0";"0";"0";"0";"0";"1";"57";"6";"3";"2";"4";"0";"0";"0";"0";"0";"11";"0";"1";
"0";"0";"0";"0";"0";"0";"0";"2";"180";"18";"5";"1";"5";"0";"0";"0";"0";"0";"50";"1";"1";
"0";"0";"0";"0";"0";"0";"0";"2";"66";"16";"6";"1";"4";"0";"0";"0";"0";"1";"9";"2";"2";
"0";"0";"0";"0";"0";"0";"0";"1";"28";"47";"5";"2";"4";"0";"0";"0";"0";"0";"4";"11";"2";
"0";"0";"0";"0";"0";"0";"0";"0";"83";"51";"9";"1";"5";"0";"1";"0";"0";"0";"10";"7";"3";
"0";"0";"0";"0";"0";"0";"0";"1";"50";"5";"4";"3";"2";"0";"0";"0";"0";"0";"12";"0";"1";
"0";"0";"0";"0";"0";"0";"0";"1";"70";"7";"6";"1";"3";"0";"0";"0";"0";"0";"20";"1";"2";
"0";"0";"0";"0";"0";"0";"0";"1";"76";"35";"3";"0";"5";"0";"0";"0";"0";"0";"18";"4";"1";
"0";"0";"0";"0";"1";"0";"0";"1";"51";"5";"3";"2";"4";"0";"0";"0";"0";"0";"2";"0";"1";
"0";"0";"0";"0";"0";"0";"0";"1";"224";"35";"8";"1";"3";"0";"0";"0";"0";"0";"34";"2";"2";
"0";"0";"0";"0";"0";"0";"0";"2";"131";"40";"6";"1";"3";"0";"0";"0";"0";"0";"34";"5";"2";
"0";"0";"0";"0";"0";"0";"0";"1";"92";"9";"7";"2";"4";"0";"0";"0";"0";"0";"22";"1";"2";
"0";"0";"0";"1";"0";"1";"1";"0";"130";"22";"3";"2";"5";"0";"0";"0";"0";"0";"41";"1";"1";
"0";"0";"0";"0";"0";"0";"0";"1";"57";"5";"4";"2";"5";"0";"0";"0";"0";"0";"11";"1";"1";
"0";"0";"0";"0";"0";"0";"0";"1";"64";"14";"6";"5";"1";"0";"0";"0";"0";"0";"17";"1";"2";
"0";"0";"0";"0";"0";"0";"0";"1";"125";"5";"3";"1";"5";"0";"0";"0";"0";"0";"26";"0";"1";
"0";"0";"0";"0";"0";"0";"0";"0";"141";"19";"7";"2";"2";"0";"0";"0";"0";"0";"29";"3";"2";
"1";"1";"0";"0";"0";"0";"0";"1";"25";"13";"2";"1";"3";"1";"1";"0";"1";"0";"1";"0";"0";
"0";"0";"0";"0";"0";"0";"0";"1";"8";"50";"4";"2";"7";"0";"0";"0";"0";"0";"1";"5";"1";
"0";"0";"0";"0";"0";"0";"0";"1";"111";"27";"6";"3";"4";"0";"0";"0";"0";"0";"28";"4";"2";
"0";"0";"0";"0";"0";"0";"0";"1";"148";"32";"6";"2";"1";"0";"1";"0";"0";"0";"37";"1";"2";
"0";"0";"0";"0";"0";"1";"0";"1";"103";"26";"7";"2";"2";"0";"0";"0";"0";"0";"30";"2";"2";
"0";"0";"0";"0";"0";"0";"0";"1";"109";"35";"8";"1";"3";"0";"1";"0";"0";"0";"29";"2";"2";
"0";"0";"0";"0";"0";"0";"0";"0";"202";"50";"7";"1";"3";"0";"0";"0";"0";"0";"46";"15";"3";
"0";"0";"0";"0";"0";"0";"0";"3";"7";"48";"4";"2";"3";"0";"0";"0";"0";"1";"2";"5";"1";
"0";"0";"0";"0";"0";"0";"0";"1";"142";"22";"5";"1";"7";"0";"0";"0";"0";"0";"39";"4";"2";
"0";"0";"0";"0";"0";"0";"0";"1";"428";"8";"3";"3";"6";"0";"0";"0";"0";"0";"146";"1";"0";
"0";"0";"0";"0";"0";"0";"0";"0";"130";"9";"4";"1";"3";"0";"0";"0";"0";"0";"41";"2";"1";
"0";"0";"0";"0";"0";"0";"0";"2";"23";"30";"4";"1";"3";"0";"0";"0";"0";"0";"6";"3";"1";
"0";"0";"0";"0";"0";"0";"0";"1";"141";"7";"3";"2";"5";"0";"0";"0";"0";"0";"29";"2";"1";
"0";"0";"0";"0";"0";"0";"0";"1";"24";"49";"6";"2";"7";"0";"0";"0";"0";"0";"7";"13";"2";
"0";"0";"0";"0";"0";"0";"0";"1";"61";"22";"3";"2";"1";"0";"0";"0";"0";"0";"7";"1";"1";
"0";"0";"0";"0";"0";"0";"0";"0";"83";"43";"7";"7";"5";"0";"1";"0";"0";"0";"10";"8";"2";
"0";"0";"0";"0";"0";"0";"0";"1";"34";"17";"1";"3";"5";"0";"0";"0";"0";"0";"9";"2";"0";
"0";"0";"0";"0";"0";"0";"0";"0";"43";"23";"4";"1";"4";"0";"0";"0";"0";"0";"13";"1";"1";
"0";"0";"0";"0";"0";"0";"0";"2";"18";"0";"2";"1";"3";"0";"1";"1";"0";"0";"2";"0";"0";
"0";"0";"0";"0";"0";"1";"0";"1";"43";"26";"7";"2";"2";"0";"0";"0";"0";"0";"5";"2";"2";
"0";"0";"0";"0";"0";"0";"0";"0";"104";"13";"5";"3";"4";"0";"0";"0";"0";"0";"12";"2";"1";
"0";"0";"0";"0";"0";"0";"0";"1";"66";"22";"5";"3";"7";"0";"0";"0";"0";"0";"10";"4";"2";
"0";"0";"0";"0";"0";"0";"0";"2";"129";"0";"4";"1";"5";"0";"0";"1";"1";"0";"24";"0";"1";
"0";"0";"0";"0";"0";"0";"0";"1";"61";"16";"6";"0";"1";"0";"0";"0";"0";"0";"7";"3";"2";
"0";"0";"0";"0";"0";"0";"0";"1";"79";"5";"4";"1";"5";"0";"0";"0";"0";"0";"10";"1";"1";
"0";"0";"0";"0";"0";"0";"0";"1";"141";"6";"6";"3";"5";"0";"0";"0";"0";"0";"29";"0";"2";
"0";"0";"0";"0";"0";"0";"0";"0";"86";"46";"8";"1";"2";"0";"0";"0";"0";"0";"14";"7";"3";
"0";"0";"0";"0";"0";"0";"0";"2";"41";"16";"6";"1";"4";"0";"0";"0";"0";"1";"13";"2";"2";
"0";"0";"0";"0";"0";"0";"0";"0";"181";"36";"2";"4";"3";"0";"0";"0";"0";"0";"42";"1";"1";
"0";"0";"0";"0";"0";"0";"0";"1";"72";"45";"3";"1";"5";"0";"0";"0";"0";"0";"13";"10";"1";
"0";"0";"0";"0";"0";"0";"0";"1";"33";"5";"4";"1";"5";"0";"0";"0";"0";"0";"5";"0";"1";
"0";"0";"0";"0";"0";"0";"0";"2";"73";"46";"5";"1";"3";"0";"0";"0";"0";"1";"9";"3";"1";
"0";"0";"0";"0";"0";"0";"0";"1";"28";"16";"6";"2";"1";"0";"0";"0";"0";"0";"6";"3";"2";
"0";"0";"0";"0";"0";"0";"0";"1";"84";"46";"5";"2";"2";"0";"0";"0";"0";"0";"20";"10";"1";
"0";"0";"0";"0";"0";"0";"0";"1";"45";"22";"5";"2";"7";"0";"0";"0";"0";"0";"7";"4";"2";
"0";"0";"0";"0";"0";"0";"0";"1";"6";"11";"4";"1";"6";"0";"0";"0";"0";"0";"2";"1";"1";
"0";"0";"0";"0";"0";"0";"0";"0";"5";"28";"7";"2";"4";"0";"0";"0";"0";"0";"2";"4";"2";
"0";"0";"0";"0";"0";"0";"0";"1";"20";"41";"8";"3";"3";"0";"0";"0";"0";"0";"5";"5";"3";
"0";"0";"0";"0";"0";"0";"0";"1";"17";"40";"1";"1";"3";"0";"1";"0";"0";"0";"4";"5";"0";
"0";"0";"0";"0";"0";"0";"0";"1";"29";"5";"2";"2";"1";"0";"0";"0";"0";"0";"9";"0";"1";
"0";"0";"0";"1";"0";"1";"1";"1";"174";"39";"4";"2";"4";"0";"0";"0";"0";"0";"41";"6";"1";
"0";"0";"0";"0";"0";"0";"0";"1";"60";"9";"4";"2";"3";"0";"0";"0";"0";"0";"10";"0";"1";
"0";"0";"0";"0";"0";"0";"0";"1";"41";"7";"4";"1";"1";"0";"0";"0";"0";"0";"6";"0";"1";
"0";"0";"0";"0";"0";"0";"0";"1";"7";"47";"5";"2";"2";"0";"0";"0";"0";"0";"2";"4";"2";
"0";"0";"0";"0";"0";"0";"0";"1";"35";"52";"4";"0";"2";"0";"0";"0";"0";"0";"11";"7";"1";
"0";"0";"0";"0";"0";"0";"0";"0";"35";"23";"5";"2";"6";"0";"0";"0";"0";"0";"5";"5";"2";
"1";"0";"0";"0";"0";"0";"0";"0";"437";"25";"4";"2";"3";"0";"0";"0";"0";"0";"94";"2";"1";
"0";"0";"0";"0";"0";"0";"0";"1";"129";"6";"1";"4";"5";"0";"0";"0";"0";"0";"39";"0";"0";
"0";"0";"0";"0";"0";"0";"0";"2";"157";"13";"8";"1";"3";"0";"0";"0";"0";"0";"27";"1";"2";
"0";"0";"0";"0";"0";"0";"0";"1";"5";"24";"3";"1";"4";"0";"0";"0";"0";"0";"0";"4";"1";
"0";"0";"0";"0";"0";"0";"0";"1";"44";"34";"3";"2";"5";"0";"0";"0";"0";"0";"14";"2";"1";
"0";"0";"0";"0";"0";"0";"0";"1";"43";"47";"3";"1";"5";"0";"0";"0";"0";"0";"6";"8";"1";
"0";"0";"0";"0";"0";"0";"0";"1";"110";"17";"1";"2";"5";"0";"0";"0";"0";"0";"22";"2";"0";
"0";"0";"0";"0";"0";"0";"0";"0";"145";"21";"4";"2";"2";"0";"0";"0";"0";"0";"36";"2";"1";
"0";"0";"0";"0";"0";"0";"0";"1";"71";"22";"7";"2";"5";"0";"0";"0";"0";"0";"20";"4";"2";
"0";"0";"0";"0";"0";"0";"0";"1";"41";"47";"3";"2";"5";"0";"0";"0";"1";"0";"7";"3";"1";
"0";"0";"0";"0";"0";"0";"0";"1";"87";"44";"5";"1";"3";"0";"0";"0";"0";"0";"23";"11";"2";
"0";"0";"0";"0";"0";"0";"0";"1";"110";"52";"5";"1";"1";"0";"0";"0";"0";"0";"22";"6";"1";
"0";"0";"0";"0";"0";"0";"0";"1";"6";"0";"1";"1";"5";"0";"0";"1";"0";"0";"2";"0";"0";
"0";"0";"0";"0";"0";"0";"0";"1";"40";"25";"4";"2";"7";"0";"0";"0";"0";"0";"4";"1";"1";
"0";"0";"0";"0";"0";"0";"0";"0";"51";"46";"7";"1";"4";"0";"0";"0";"0";"0";"11";"13";"3";
"0";"0";"0";"0";"0";"0";"0";"1";"120";"41";"8";"1";"1";"0";"0";"0";"0";"0";"44";"4";"3";
"0";"0";"0";"0";"0";"0";"0";"0";"41";"19";"3";"2";"2";"0";"0";"0";"0";"0";"6";"4";"1";
"0";"0";"0";"0";"0";"0";"0";"0";"185";"7";"5";"1";"1";"0";"0";"0";"0";"0";"60";"1";"1";
"0";"0";"0";"0";"0";"0";"0";"1";"25";"21";"6";"1";"2";"0";"0";"0";"0";"0";"2";"3";"2";
"0";"0";"0";"0";"0";"0";"0";"1";"204";"30";"4";"1";"3";"0";"0";"0";"0";"0";"40";"5";"1";
"0";"0";"0";"0";"0";"0";"0";"1";"61";"41";"8";"4";"1";"0";"0";"0";"0";"0";"7";"4";"3";
"0";"0";"0";"0";"0";"0";"0";"1";"53";"25";"4";"2";"1";"0";"0";"0";"0";"0";"16";"4";"1";
"0";"0";"0";"0";"0";"0";"0";"1";"120";"52";"1";"4";"1";"0";"0";"0";"0";"0";"44";"8";"0";
"0";"0";"0";"0";"0";"0";"0";"1";"378";"26";"1";"2";"1";"0";"0";"0";"0";"0";"99";"0";"0";
"0";"0";"0";"0";"0";"0";"0";"1";"49";"51";"8";"2";"1";"0";"0";"0";"0";"0";"6";"6";"2";
"0";"0";"0";"0";"0";"0";"0";"1";"15";"47";"3";"3";"5";"0";"0";"0";"0";"0";"4";"8";"1";
"0";"0";"0";"0";"0";"0";"0";"2";"78";"14";"6";"1";"4";"0";"0";"0";"0";"0";"27";"1";"2";
"0";"0";"0";"0";"0";"0";"0";"1";"204";"50";"4";"2";"6";"0";"0";"0";"0";"0";"40";"2";"1";
"0";"0";"0";"0";"0";"0";"0";"1";"60";"39";"5";"1";"5";"0";"0";"0";"0";"0";"10";"5";"2";
"0";"0";"0";"0";"0";"0";"0";"1";"159";"16";"6";"1";"1";"0";"0";"0";"0";"0";"41";"3";"2";
"0";"0";"0";"0";"0";"0";"0";"1";"74";"4";"2";"2";"4";"0";"0";"0";"0";"0";"11";"0";"1";
"0";"0";"0";"0";"0";"0";"0";"1";"40";"51";"8";"2";"1";"0";"0";"0";"0";"0";"4";"6";"2";
"0";"0";"0";"0";"0";"0";"0";"1";"39";"45";"6";"3";"2";"0";"0";"0";"0";"0";"5";"11";"2";
"0";"0";"0";"0";"0";"0";"0";"1";"59";"4";"4";"1";"2";"0";"0";"0";"0";"0";"7";"0";"1";
"0";"0";"0";"0";"0";"0";"0";"0";"4";"13";"8";"2";"2";"0";"0";"0";"0";"0";"1";"0";"3";
"0";"0";"0";"0";"0";"0";"0";"0";"15";"0";"3";"2";"2";"0";"0";"1";"0";"0";"4";"0";"1";
"0";"0";"0";"0";"0";"0";"0";"1";"55";"35";"5";"1";"5";"0";"1";"0";"0";"0";"15";"3";"2";
"0";"0";"0";"0";"0";"0";"0";"1";"216";"34";"3";"1";"5";"0";"0";"0";"0";"0";"77";"2";"1";
"0";"0";"0";"0";"0";"0";"0";"1";"40";"44";"7";"3";"3";"0";"0";"0";"0";"0";"3";"2";"3";
"0";"0";"0";"0";"0";"0";"0";"1";"139";"41";"5";"1";"5";"0";"0";"0";"0";"0";"33";"10";"1";
"0";"0";"0";"0";"0";"0";"0";"0";"14";"17";"3";"1";"7";"0";"0";"0";"0";"0";"1";"1";"1";
"0";"0";"0";"0";"0";"0";"0";"1";"76";"29";"5";"0";"3";"0";"0";"0";"0";"0";"16";"6";"2";
"0";"0";"0";"0";"0";"0";"0";"0";"61";"38";"4";"2";"2";"0";"0";"0";"0";"0";"19";"6";"1";
"0";"0";"0";"0";"0";"0";"0";"1";"218";"6";"4";"1";"2";"0";"0";"0";"0";"0";"60";"1";"1";
"0";"0";"0";"0";"0";"0";"0";"0";"301";"0";"4";"1";"2";"0";"0";"1";"1";"0";"74";"0";"1";
"0";"0";"0";"0";"0";"0";"0";"0";"68";"8";"8";"3";"2";"0";"1";"0";"0";"0";"12";"2";"3";
"0";"0";"0";"0";"0";"0";"0";"0";"104";"44";"6";"2";"2";"0";"0";"0";"0";"0";"12";"7";"2";
"0";"0";"0";"0";"0";"0";"0";"1";"142";"8";"2";"1";"4";"0";"0";"0";"0";"0";"45";"1";"1";
"0";"0";"0";"0";"0";"0";"0";"0";"9";"6";"5";"2";"7";"0";"0";"0";"0";"0";"3";"1";"2";
"0";"0";"0";"0";"0";"0";"0";"0";"259";"51";"7";"0";"5";"0";"0";"0";"0";"0";"74";"7";"2";
"0";"0";"0";"0";"0";"0";"0";"1";"38";"0";"3";"0";"7";"0";"0";"1";"0";"0";"5";"0";"1";
"0";"0";"0";"0";"0";"0";"0";"0";"15";"0";"7";"2";"5";"0";"0";"1";"0";"0";"2";"0";"2";
"0";"0";"0";"0";"0";"0";"0";"1";"53";"14";"4";"2";"5";"0";"0";"0";"0";"0";"11";"2";"1";
"0";"0";"0";"0";"0";"0";"0";"1";"39";"13";"5";"2";"5";"0";"0";"0";"0";"0";"4";"2";"1";
"0";"0";"0";"0";"0";"0";"0";"1";"205";"43";"5";"2";"2";"0";"0";"0";"0";"0";"47";"9";"1";
"0";"0";"0";"0";"0";"0";"0";"0";"116";"6";"3";"4";"2";"0";"0";"1";"1";"0";"26";"0";"1";
"0";"0";"0";"0";"0";"0";"0";"1";"39";"45";"3";"3";"5";"0";"0";"0";"0";"0";"7";"10";"1";
"0";"0";"0";"0";"0";"0";"0";"1";"85";"43";"7";"2";"5";"0";"0";"0";"0";"0";"20";"5";"3";
"0";"0";"0";"0";"0";"0";"0";"0";"53";"0";"7";"2";"6";"0";"0";"1";"0";"0";"7";"0";"2";
"0";"0";"0";"0";"0";"0";"0";"1";"13";"3";"3";"2";"4";"0";"0";"0";"0";"0";"4";"0";"1";
"0";"0";"0";"0";"0";"0";"0";"1";"6";"39";"4";"1";"2";"0";"0";"0";"0";"0";"2";"5";"1";
"0";"0";"0";"0";"0";"0";"0";"1";"118";"8";"3";"2";"1";"0";"0";"0";"0";"0";"32";"2";"1";
"0";"0";"0";"0";"0";"0";"0";"1";"23";"23";"7";"3";"1";"0";"0";"0";"0";"0";"3";"6";"2";
"0";"0";"0";"0";"0";"0";"0";"1";"106";"12";"2";"2";"1";"0";"0";"0";"0";"0";"18";"3";"1";
"0";"0";"0";"0";"0";"0";"0";"0";"9";"44";"7";"1";"3";"0";"0";"0";"0";"0";"3";"8";"2";
"1";"0";"0";"0";"0";"0";"0";"0";"60";"43";"8";"2";"7";"0";"0";"0";"0";"0";"10";"8";"2";
"0";"0";"0";"0";"0";"0";"0";"1";"24";"24";"8";"3";"2";"0";"0";"0";"0";"0";"5";"2";"3";
"0";"0";"0";"0";"0";"0";"0";"1";"24";"0";"4";"1";"6";"0";"0";"1";"0";"0";"2";"0";"1";
"0";"0";"0";"0";"0";"0";"0";"1";"13";"46";"4";"1";"4";"0";"0";"1";"0";"0";"5";"8";"1";
"0";"0";"0";"0";"0";"0";"0";"1";"136";"0";"4";"0";"3";"0";"0";"1";"0";"0";"28";"0";"1";
"0";"0";"0";"0";"0";"0";"0";"0";"8";"14";"7";"1";"3";"0";"0";"0";"0";"0";"2";"2";"2";
"0";"0";"0";"0";"0";"0";"0";"1";"49";"15";"3";"1";"7";"0";"0";"0";"0";"0";"7";"2";"1";
"0";"0";"0";"0";"0";"0";"0";"1";"82";"49";"6";"1";"7";"0";"0";"0";"0";"0";"10";"13";"2";
"0";"0";"0";"0";"0";"0";"0";"0";"85";"30";"6";"3";"6";"0";"0";"0";"0";"0";"19";"4";"2";
"0";"0";"0";"0";"0";"0";"0";"1";"405";"45";"2";"3";"5";"0";"0";"0";"0";"0";"67";"7";"1";
"0";"0";"0";"0";"0";"0";"0";"0";"18";"14";"7";"0";"3";"0";"0";"0";"0";"0";"6";"2";"2";
"0";"0";"0";"0";"0";"0";"0";"0";"61";"0";"7";"0";"6";"0";"0";"1";"0";"0";"13";"0";"2";
"0";"0";"0";"0";"0";"0";"0";"1";"8";"34";"3";"2";"5";"0";"0";"0";"0";"0";"3";"2";"1";
"0";"0";"0";"0";"0";"0";"0";"1";"135";"29";"6";"1";"1";"0";"0";"0";"0";"0";"36";"0";"1";
"0";"0";"0";"0";"0";"0";"0";"1";"39";"4";"3";"2";"5";"0";"0";"0";"0";"0";"4";"0";"1";
"0";"0";"0";"0";"0";"0";"0";"1";"73";"20";"7";"2";"4";"0";"0";"0";"0";"0";"23";"2";"2";
"0";"0";"0";"0";"0";"0";"1";"1";"61";"51";"5";"3";"7";"0";"0";"0";"0";"0";"5";"6";"1";
"0";"0";"0";"0";"0";"0";"0";"0";"89";"5";"2";"1";"6";"0";"0";"0";"0";"0";"23";"0";"1";
"0";"0";"0";"0";"0";"0";"0";"2";"28";"7";"5";"1";"6";"0";"0";"0";"0";"0";"7";"0";"1";
"0";"0";"0";"0";"0";"0";"0";"1";"41";"5";"5";"4";"5";"0";"0";"0";"0";"0";"6";"1";"1";
"0";"0";"0";"0";"1";"0";"0";"1";"32";"17";"3";"2";"2";"0";"0";"0";"0";"0";"8";"2";"1";
"0";"0";"0";"0";"0";"0";"0";"1";"157";"39";"9";"3";"4";"0";"0";"0";"0";"0";"27";"6";"3";
"0";"0";"0";"0";"0";"0";"0";"1";"59";"51";"6";"1";"3";"0";"0";"0";"0";"0";"9";"6";"1";
"0";"0";"0";"0";"0";"0";"0";"2";"334";"18";"3";"1";"3";"0";"1";"0";"0";"0";"93";"2";"1";
"0";"0";"0";"0";"0";"0";"0";"0";"62";"0";"3";"2";"4";"0";"0";"1";"0";"0";"7";"0";"1";
"0";"0";"0";"0";"0";"0";"0";"0";"8";"45";"7";"1";"1";"0";"0";"0";"0";"0";"3";"9";"2";
"0";"0";"0";"0";"0";"0";"0";"1";"137";"12";"2";"3";"1";"0";"0";"0";"0";"0";"45";"3";"1";
"0";"0";"0";"0";"0";"0";"0";"1";"35";"45";"3";"4";"5";"0";"0";"0";"0";"0";"5";"3";"1";
"0";"0";"0";"0";"0";"0";"0";"1";"7";"11";"3";"2";"5";"0";"0";"0";"0";"0";"2";"2";"1";
"0";"0";"0";"0";"0";"0";"0";"1";"39";"52";"4";"2";"6";"0";"0";"0";"0";"0";"7";"6";"1";
"0";"0";"0";"0";"0";"0";"0";"1";"19";"0";"2";"3";"7";"0";"1";"1";"0";"0";"5";"0";"0";
"0";"0";"0";"0";"0";"0";"0";"1";"152";"5";"4";"2";"4";"0";"0";"0";"0";"0";"43";"0";"1";
"1";"0";"0";"0";"0";"0";"0";"1";"36";"34";"6";"1";"2";"0";"0";"0";"0";"0";"7";"3";"2";
"0";"0";"0";"0";"0";"0";"0";"1";"86";"52";"5";"2";"1";"0";"0";"0";"0";"0";"21";"6";"1";
"0";"0";"0";"0";"0";"0";"0";"0";"42";"33";"3";"1";"1";"0";"1";"0";"0";"0";"6";"5";"1";
"0";"0";"0";"0";"0";"0";"0";"1";"12";"30";"9";"2";"1";"0";"0";"0";"0";"0";"2";"4";"3";
"0";"0";"0";"0";"0";"0";"0";"1";"24";"46";"4";"0";"5";"0";"0";"0";"0";"0";"5";"11";"1";
"0";"0";"0";"0";"0";"0";"0";"1";"36";"7";"3";"1";"2";"0";"0";"0";"0";"0";"6";"0";"1";
"0";"0";"0";"0";"0";"0";"0";"1";"17";"13";"4";"1";"4";"0";"0";"0";"0";"0";"5";"2";"1";
"0";"0";"0";"0";"0";"0";"0";"1";"66";"25";"6";"4";"5";"0";"0";"0";"0";"0";"8";"3";"2";
"0";"0";"0";"0";"0";"0";"0";"1";"121";"6";"6";"3";"7";"0";"0";"0";"0";"0";"33";"1";"2";
"0";"0";"0";"0";"0";"0";"0";"1";"136";"24";"9";"1";"2";"0";"0";"0";"0";"0";"28";"2";"3";
"0";"0";"0";"0";"1";"0";"0";"1";"73";"10";"8";"2";"4";"0";"0";"1";"1";"0";"10";"1";"2";
"0";"0";"0";"0";"0";"0";"0";"3";"39";"31";"3";"2";"2";"0";"0";"0";"0";"1";"4";"2";"1";
"0";"0";"0";"0";"0";"0";"0";"1";"106";"6";"7";"3";"4";"0";"0";"0";"0";"0";"18";"0";"2";
"0";"0";"0";"0";"0";"0";"0";"1";"152";"12";"2";"2";"3";"0";"0";"0";"0";"0";"19";"1";"0";
"0";"0";"0";"0";"0";"0";"0";"1";"13";"5";"2";"0";"3";"0";"0";"0";"0";"0";"5";"0";"0";
"0";"0";"0";"0";"0";"0";"0";"1";"36";"17";"4";"1";"5";"0";"0";"0";"0";"0";"7";"0";"1";
"0";"0";"0";"0";"0";"0";"0";"1";"18";"29";"6";"3";"1";"0";"1";"0";"0";"0";"2";"0";"1";
"0";"0";"0";"0";"0";"0";"0";"1";"12";"5";"2";"2";"1";"0";"0";"0";"0";"0";"2";"0";"1";
"1";"0";"0";"0";"0";"0";"0";"1";"8";"46";"4";"1";"3";"0";"0";"0";"0";"0";"1";"5";"1";
"0";"0";"0";"0";"0";"0";"0";"1";"59";"5";"6";"1";"5";"0";"0";"0";"0";"0";"21";"0";"2";
"0";"0";"0";"0";"0";"0";"0";"0";"39";"51";"7";"1";"3";"0";"0";"0";"0";"0";"7";"7";"3";
"0";"0";"0";"0";"0";"0";"1";"1";"55";"51";"5";"3";"7";"0";"1";"0";"0";"0";"15";"6";"1";
"0";"1";"0";"1";"0";"1";"1";"1";"25";"37";"2";"3";"3";"0";"0";"0";"0";"0";"2";"6";"1";
"0";"0";"0";"0";"0";"0";"0";"1";"132";"7";"4";"4";"4";"0";"0";"0";"0";"0";"37";"0";"1";
"0";"0";"0";"0";"0";"0";"0";"1";"155";"45";"2";"1";"5";"0";"1";"0";"0";"0";"43";"7";"1";
"0";"0";"0";"0";"0";"0";"0";"1";"46";"48";"5";"2";"2";"0";"0";"0";"0";"0";"6";"8";"1";
"0";"0";"0";"0";"0";"0";"0";"1";"104";"20";"7";"1";"4";"0";"0";"0";"0";"0";"23";"2";"2";
"0";"0";"0";"0";"0";"0";"0";"1";"20";"6";"7";"2";"4";"0";"0";"0";"0";"0";"6";"0";"2";
"0";"0";"0";"0";"0";"0";"0";"2";"74";"19";"7";"2";"4";"0";"0";"0";"0";"1";"17";"2";"2";
"0";"0";"0";"0";"0";"0";"0";"1";"60";"17";"4";"2";"5";"0";"1";"0";"0";"0";"7";"0";"1";
"0";"0";"0";"0";"0";"0";"0";"1";"85";"6";"3";"2";"5";"0";"0";"0";"0";"0";"12";"0";"1";
"0";"0";"0";"0";"0";"0";"0";"1";"15";"4";"6";"3";"1";"0";"0";"0";"0";"0";"3";"1";"2";
"0";"0";"0";"0";"0";"0";"0";"1";"243";"24";"9";"4";"2";"0";"0";"0";"0";"0";"58";"2";"3";
"0";"0";"0";"0";"0";"0";"0";"0";"8";"44";"6";"1";"2";"0";"0";"0";"0";"0";"3";"7";"2";
"0";"0";"0";"0";"0";"0";"0";"1";"12";"11";"3";"2";"5";"0";"0";"0";"0";"0";"2";"2";"1";
"0";"0";"0";"0";"0";"0";"0";"3";"73";"29";"4";"1";"2";"0";"0";"0";"0";"1";"23";"2";"1";
"0";"0";"0";"0";"0";"0";"0";"3";"82";"31";"4";"1";"2";"0";"0";"0";"0";"1";"14";"2";"1";
"0";"0";"0";"0";"0";"0";"0";"1";"51";"45";"5";"1";"5";"0";"0";"0";"0";"0";"5";"6";"1";
"0";"0";"0";"0";"0";"0";"0";"0";"76";"51";"4";"1";"5";"0";"0";"0";"0";"0";"7";"4";"1";
"0";"0";"0";"0";"0";"0";"0";"1";"259";"29";"7";"1";"1";"0";"0";"0";"0";"0";"62";"3";"2";
"0";"0";"0";"0";"0";"0";"0";"0";"61";"17";"5";"2";"4";"0";"1";"0";"0";"0";"14";"1";"1";
"0";"0";"0";"0";"0";"0";"0";"0";"13";"6";"2";"0";"2";"0";"0";"1";"0";"0";"4";"0";"0";
"0";"0";"0";"0";"0";"0";"0";"1";"101";"25";"4";"1";"4";"0";"0";"0";"0";"0";"23";"3";"1";
"0";"0";"0";"0";"0";"0";"0";"1";"28";"8";"5";"1";"1";"0";"1";"0";"0";"0";"3";"1";"2";
"0";"0";"0";"0";"0";"0";"0";"1";"130";"49";"5";"2";"6";"0";"0";"0";"0";"0";"28";"10";"2";
"0";"0";"0";"0";"0";"0";"0";"1";"9";"7";"3";"2";"2";"0";"0";"0";"0";"0";"3";"0";"1";
"0";"0";"0";"0";"0";"0";"0";"1";"8";"17";"4";"0";"5";"0";"0";"0";"0";"0";"2";"0";"1";
"0";"0";"0";"0";"0";"0";"0";"1";"54";"45";"3";"1";"5";"0";"1";"0";"0";"0";"15";"3";"1";
"0";"0";"0";"0";"0";"0";"0";"0";"84";"4";"5";"1";"4";"0";"0";"0";"0";"0";"8";"0";"2";
"0";"0";"0";"0";"0";"0";"0";"1";"39";"5";"1";"2";"3";"0";"0";"0";"0";"0";"11";"0";"0";
"0";"0";"0";"0";"0";"0";"0";"1";"18";"37";"2";"2";"5";"0";"0";"0";"0";"0";"5";"6";"0";
"0";"0";"0";"0";"0";"0";"0";"0";"144";"48";"5";"0";"2";"0";"1";"0";"0";"0";"54";"10";"1";
"0";"0";"0";"0";"0";"0";"0";"1";"9";"39";"5";"2";"1";"0";"0";"0";"1";"0";"3";"2";"1";
"0";"0";"0";"0";"0";"0";"0";"0";"54";"55";"7";"1";"7";"0";"0";"0";"0";"0";"6";"5";"2";
"0";"0";"0";"0";"0";"0";"0";"0";"27";"53";"6";"1";"7";"0";"1";"0";"1";"0";"3";"5";"2";
"0";"0";"0";"0";"0";"0";"0";"1";"40";"10";"3";"2";"5";"0";"1";"0";"0";"0";"6";"0";"1";
"0";"0";"0";"0";"0";"0";"1";"1";"130";"51";"5";"3";"7";"0";"0";"0";"0";"0";"28";"6";"1";
"0";"0";"0";"0";"0";"0";"0";"2";"147";"13";"8";"1";"1";"0";"0";"0";"0";"0";"41";"1";"2";
"0";"0";"0";"0";"0";"0";"0";"0";"98";"5";"2";"2";"6";"0";"0";"0";"0";"0";"15";"0";"1";
"0";"0";"0";"0";"0";"0";"0";"0";"17";"44";"6";"2";"2";"0";"0";"0";"0";"0";"1";"7";"2";
"0";"0";"0";"0";"0";"0";"0";"1";"47";"35";"3";"1";"2";"0";"0";"0";"0";"0";"8";"6";"1";
"0";"0";"0";"0";"0";"0";"0";"0";"19";"46";"9";"4";"2";"0";"1";"0";"0";"0";"4";"2";"3";
"0";"0";"0";"0";"0";"0";"0";"2";"36";"51";"7";"2";"5";"0";"0";"0";"1";"0";"11";"6";"2";
"0";"0";"0";"0";"0";"0";"0";"2";"13";"44";"4";"2";"7";"0";"0";"0";"0";"0";"4";"5";"1";
"0";"0";"0";"0";"0";"0";"0";"2";"110";"15";"3";"2";"2";"0";"0";"0";"1";"0";"30";"1";"1";
"0";"0";"0";"0";"0";"0";"0";"0";"90";"0";"7";"1";"6";"0";"0";"1";"0";"0";"25";"0";"2";
"0";"0";"0";"0";"0";"0";"0";"2";"9";"7";"5";"4";"5";"0";"0";"0";"0";"0";"2";"0";"1";
"0";"0";"0";"0";"0";"0";"0";"2";"37";"14";"4";"2";"1";"1";"0";"1";"1";"0";"6";"1";"2";
"0";"0";"0";"0";"0";"0";"0";"1";"47";"5";"3";"2";"2";"0";"0";"0";"0";"0";"4";"0";"1";
"0";"0";"0";"0";"0";"0";"1";"1";"64";"51";"5";"0";"7";"0";"0";"0";"0";"0";"14";"6";"1";
"0";"0";"0";"0";"0";"0";"0";"1";"69";"17";"2";"2";"2";"0";"0";"0";"0";"0";"19";"1";"1";
"0";"0";"0";"0";"0";"0";"0";"0";"127";"16";"3";"2";"6";"0";"0";"0";"0";"0";"14";"2";"1";
"0";"0";"0";"0";"0";"0";"0";"1";"19";"28";"4";"3";"5";"0";"0";"0";"0";"0";"5";"2";"1";
"0";"0";"0";"0";"0";"0";"0";"1";"47";"5";"2";"1";"5";"0";"0";"0";"0";"0";"4";"0";"0";
"0";"0";"0";"0";"0";"0";"0";"1";"35";"8";"5";"1";"4";"0";"0";"1";"1";"0";"4";"0";"2";
"0";"0";"0";"0";"0";"0";"0";"0";"18";"15";"9";"2";"1";"0";"0";"0";"0";"0";"6";"2";"3";
"0";"0";"0";"0";"0";"0";"0";"0";"67";"55";"7";"2";"7";"0";"0";"0";"0";"0";"14";"5";"2";
"0";"0";"0";"0";"0";"0";"0";"1";"75";"46";"5";"1";"4";"0";"0";"0";"0";"0";"17";"7";"1";
"0";"0";"0";"1";"0";"0";"0";"1";"119";"46";"2";"1";"4";"0";"0";"0";"0";"0";"22";"7";"1";
"0";"0";"0";"0";"0";"0";"0";"0";"47";"0";"2";"2";"3";"0";"0";"1";"0";"0";"6";"0";"0";
"0";"0";"0";"0";"0";"0";"0";"1";"27";"19";"6";"2";"5";"0";"0";"0";"0";"0";"7";"2";"2";
"0";"0";"0";"0";"0";"0";"0";"1";"11";"19";"5";"0";"4";"0";"0";"0";"0";"0";"4";"2";"1";
"0";"0";"0";"0";"0";"0";"0";"2";"50";"48";"3";"3";"5";"0";"0";"0";"0";"0";"7";"6";"1";
"0";"0";"0";"0";"0";"0";"0";"1";"15";"25";"4";"2";"5";"0";"0";"0";"0";"0";"4";"3";"1";
"0";"0";"0";"0";"0";"0";"0";"3";"260";"7";"2";"1";"3";"0";"0";"0";"0";"1";"46";"0";"0";
"0";"0";"0";"0";"0";"0";"0";"0";"182";"24";"6";"3";"2";"0";"0";"0";"0";"0";"51";"2";"2";
"0";"0";"0";"0";"0";"0";"0";"1";"8";"19";"5";"3";"4";"0";"0";"0";"0";"0";"2";"2";"1";
"0";"0";"0";"0";"0";"0";"0";"1";"19";"28";"5";"2";"1";"0";"1";"0";"0";"0";"4";"7";"2";
"0";"0";"0";"0";"0";"0";"0";"1";"117";"45";"3";"2";"1";"0";"0";"0";"0";"0";"14";"7";"1";
"0";"0";"0";"0";"0";"0";"0";"0";"57";"42";"6";"1";"2";"0";"0";"0";"0";"0";"17";"4";"1";
"0";"0";"0";"0";"0";"0";"0";"1";"49";"49";"4";"2";"7";"0";"0";"0";"0";"0";"11";"7";"1";
"0";"0";"0";"0";"0";"0";"0";"2";"117";"52";"7";"1";"3";"0";"0";"0";"0";"1";"25";"6";"1";
"0";"0";"0";"0";"0";"0";"0";"0";"19";"12";"5";"2";"2";"0";"0";"0";"0";"0";"4";"1";"2";
"0";"0";"0";"0";"0";"0";"0";"2";"129";"14";"4";"4";"5";"0";"0";"0";"0";"0";"32";"2";"1";
"0";"0";"0";"0";"0";"0";"0";"1";"85";"15";"3";"2";"1";"0";"0";"0";"0";"0";"18";"2";"1";
"0";"0";"0";"0";"0";"0";"0";"2";"37";"44";"4";"2";"7";"0";"0";"0";"0";"0";"5";"5";"1";
"0";"0";"0";"0";"0";"0";"0";"1";"22";"46";"4";"2";"4";"0";"1";"1";"0";"0";"5";"8";"1";
"0";"0";"0";"0";"0";"0";"0";"0";"28";"3";"3";"1";"1";"0";"1";"0";"0";"0";"3";"0";"1";
"0";"0";"0";"0";"0";"0";"0";"0";"32";"50";"5";"2";"7";"0";"0";"0";"0";"0";"4";"8";"1";
"0";"0";"0";"0";"0";"0";"0";"2";"17";"16";"3";"2";"2";"0";"1";"0";"0";"0";"2";"1";"1";
"0";"0";"0";"0";"0";"0";"0";"0";"102";"5";"2";"3";"6";"0";"0";"0";"0";"0";"28";"0";"1";
"0";"0";"0";"0";"0";"0";"0";"1";"47";"8";"5";"2";"4";"0";"0";"1";"1";"0";"8";"0";"2";
"0";"0";"0";"0";"0";"0";"0";"0";"107";"3";"3";"3";"4";"0";"0";"0";"0";"0";"41";"0";"1";
"0";"0";"1";"0";"0";"0";"0";"0";"155";"34";"6";"1";"2";"0";"0";"0";"0";"0";"29";"6";"2";
"0";"0";"0";"0";"0";"0";"0";"1";"20";"32";"3";"1";"7";"0";"0";"0";"0";"0";"6";"4";"1";
"0";"0";"0";"0";"0";"0";"0";"3";"227";"44";"3";"2";"5";"0";"0";"0";"0";"1";"76";"5";"1";
"0";"0";"0";"0";"0";"0";"0";"2";"110";"9";"7";"0";"3";"0";"0";"0";"0";"0";"30";"1";"2";
"0";"0";"0";"0";"0";"0";"0";"0";"127";"48";"8";"2";"2";"0";"0";"0";"0";"0";"14";"9";"3";
"0";"0";"0";"0";"0";"0";"0";"1";"68";"37";"5";"1";"4";"0";"0";"0";"0";"0";"17";"5";"2";
"0";"0";"0";"0";"0";"0";"0";"1";"33";"7";"4";"1";"2";"0";"0";"0";"0";"0";"7";"0";"1";
"0";"0";"0";"0";"0";"0";"0";"1";"48";"6";"5";"1";"7";"0";"0";"0";"0";"0";"17";"1";"1";
"0";"0";"0";"0";"0";"0";"0";"1";"40";"14";"3";"2";"5";"0";"1";"0";"0";"0";"6";"1";"1";
"0";"0";"0";"0";"0";"0";"0";"0";"445";"8";"7";"1";"5";"0";"0";"0";"0";"0";"124";"1";"3";
"0";"0";"0";"0";"0";"0";"0";"2";"138";"15";"8";"1";"5";"0";"0";"0";"0";"1";"35";"2";"3";
"0";"0";"0";"0";"0";"0";"0";"1";"9";"50";"6";"2";"1";"0";"0";"0";"0";"0";"2";"6";"2";
"0";"0";"0";"0";"1";"0";"0";"1";"38";"5";"2";"1";"4";"0";"0";"0";"0";"0";"7";"0";"1";
"0";"0";"1";"0";"0";"0";"0";"0";"123";"53";"3";"2";"2";"0";"0";"1";"0";"0";"27";"5";"1";
"0";"0";"0";"0";"0";"0";"0";"0";"44";"24";"3";"2";"1";"0";"0";"0";"0";"0";"7";"1";"0";
"0";"0";"0";"0";"0";"0";"0";"1";"146";"52";"6";"2";"7";"0";"0";"0";"0";"0";"27";"5";"2";
"0";"0";"0";"0";"0";"0";"0";"1";"67";"23";"3";"3";"4";"0";"0";"0";"0";"0";"14";"2";"1";
"0";"0";"0";"0";"0";"0";"0";"1";"60";"46";"5";"3";"4";"0";"0";"0";"0";"0";"5";"7";"1";
"0";"0";"0";"0";"0";"0";"0";"3";"31";"7";"2";"1";"3";"0";"0";"0";"0";"1";"9";"0";"0";
"0";"0";"0";"0";"0";"0";"0";"0";"13";"17";"5";"2";"4";"0";"0";"0";"0";"0";"4";"1";"1";
"0";"0";"0";"0";"0";"0";"0";"1";"207";"48";"6";"0";"5";"0";"1";"0";"0";"0";"62";"8";"1";
"0";"0";"0";"0";"0";"0";"0";"1";"86";"18";"6";"1";"4";"0";"0";"0";"0";"0";"25";"2";"2";
"0";"0";"0";"0";"0";"0";"0";"1";"43";"5";"3";"1";"2";"0";"0";"0";"0";"0";"8";"0";"1";
"0";"0";"0";"0";"0";"0";"0";"1";"69";"47";"2";"1";"3";"0";"0";"0";"0";"0";"5";"6";"1";
"0";"0";"0";"0";"0";"0";"0";"0";"15";"35";"6";"2";"1";"0";"0";"0";"0";"0";"4";"8";"2";
"0";"0";"0";"0";"0";"0";"0";"1";"54";"5";"4";"2";"5";"0";"1";"0";"0";"0";"13";"0";"1";
"0";"0";"0";"0";"0";"1";"0";"1";"35";"6";"5";"2";"4";"0";"0";"0";"0";"0";"9";"1";"2";
"0";"0";"0";"0";"0";"0";"0";"3";"53";"46";"6";"2";"4";"0";"0";"0";"0";"1";"12";"4";"2";
"0";"0";"0";"0";"0";"0";"0";"1";"83";"51";"5";"1";"3";"0";"0";"0";"0";"0";"18";"5";"1";